Date,High,Low,Open,Close,Volume,Adj Close
2015-11-06,26960.0,26600.0,26860.0,26760.0,8216100.0,270.0763244628906
2015-11-09,26880.0,26420.0,26760.0,26880.0,9283050.0,271.2873840332031
2015-11-10,26820.0,26280.0,26720.0,26420.0,9877550.0,266.6448974609375
2015-11-11,26900.0,26420.0,26420.0,26660.0,7022450.0,269.0670166015625
2015-11-12,26680.0,26340.0,26660.0,26340.0,7870850.0,265.8374328613281
2015-11-13,26340.0,26000.0,26340.0,26000.0,8883850.0,262.406005859375
2015-11-16,25820.0,25260.0,25820.0,25260.0,13785250.0,254.9375
2015-11-17,25800.0,25400.0,25500.0,25400.0,9309200.0,256.3504943847656
2015-11-18,25800.0,25440.0,25440.0,25620.0,8386750.0,258.5708312988281
2015-11-19,25800.0,25420.0,25800.0,25780.0,9642500.0,260.1856384277344
2015-11-20,25920.0,25560.0,25780.0,25700.0,8436000.0,259.37823486328125
2015-11-23,26040.0,25620.0,25700.0,25640.0,9941000.0,258.77264404296875
2015-11-24,26100.0,25640.0,25640.0,25980.0,7978000.0,262.20416259765625
2015-11-25,26200.0,25980.0,26000.0,25980.0,7131350.0,262.20416259765625
2015-11-26,26800.0,25980.0,25980.0,26700.0,9290000.0,269.4707336425781
2015-11-27,26980.0,26540.0,26900.0,26540.0,8492700.0,267.85595703125
2015-11-30,26500.0,25680.0,26500.0,25680.0,26700300.0,259.1763916015625
2015-12-01,26440.0,25760.0,25880.0,26420.0,12605650.0,266.6448974609375
2015-12-02,26440.0,25880.0,26420.0,26000.0,11481400.0,262.406005859375
2015-12-03,25940.0,25720.0,25900.0,25800.0,8334750.0,260.3874816894531
2015-12-04,25600.0,25340.0,25500.0,25380.0,9635550.0,256.14862060546875
2015-12-07,25500.0,25240.0,25380.0,25240.0,9805350.0,254.73565673828125
2015-12-08,25440.0,25240.0,25240.0,25240.0,6916100.0,254.73565673828125
2015-12-09,25500.0,25240.0,25240.0,25260.0,9090600.0,254.9375
2015-12-10,25860.0,25260.0,25260.0,25660.0,15193350.0,258.9745178222656
2015-12-11,25900.0,25440.0,25660.0,25680.0,10336450.0,259.1763916015625
2015-12-14,25460.0,25100.0,25460.0,25220.0,11140050.0,254.53379821777344
2015-12-15,25600.0,25200.0,25220.0,25540.0,8774700.0,257.763427734375
2015-12-16,26200.0,25560.0,25560.0,25980.0,10398100.0,262.20416259765625
2015-12-17,26160.0,25500.0,26020.0,25800.0,8733850.0,260.3874816894531
2015-12-18,25760.0,25280.0,25300.0,25560.0,8418450.0,257.96527099609375
2015-12-21,25700.0,25220.0,25560.0,25600.0,8023300.0,258.36895751953125
2015-12-22,25840.0,25340.0,25600.0,25840.0,10309600.0,260.7911682128906
2015-12-23,25980.0,25640.0,25840.0,25900.0,10357400.0,261.396728515625
2015-12-24,26000.0,25700.0,25900.0,25700.0,7807550.0,259.37823486328125
2015-12-28,25780.0,25320.0,25700.0,25320.0,11361500.0,255.54307556152344
2015-12-29,25320.0,24820.0,25300.0,25080.0,11647200.0,1204.702880859375
2015-12-30,25440.0,25080.0,25200.0,25200.0,10197900.0,1210.4669189453125
2016-01-04,25200.0,24100.0,25200.0,24100.0,15346950.0,1157.629150390625
2016-01-05,24360.0,23720.0,24040.0,24160.0,10800100.0,1160.51123046875
2016-01-06,24160.0,23360.0,24160.0,23500.0,18337600.0,1128.808349609375
2016-01-07,23660.0,23020.0,23320.0,23260.0,14119400.0,1117.2802734375
2016-01-08,23720.0,23260.0,23260.0,23420.0,12888150.0,1124.9656982421875
2016-01-11,23320.0,22920.0,23120.0,23040.0,12063850.0,1106.712646484375
2016-01-12,23320.0,22880.0,22960.0,22920.0,10314150.0,1100.9486083984375
2016-01-13,23180.0,22960.0,23060.0,22960.0,7165800.0,1102.8697509765625
2016-01-14,22840.0,22620.0,22620.0,22760.0,10451100.0,1093.2630615234375
2016-01-15,23040.0,22480.0,22800.0,22640.0,10473200.0,1087.498779296875
2016-01-18,22660.0,21760.0,21760.0,22520.0,16010700.0,1081.7347412109375
2016-01-19,23420.0,22560.0,22560.0,23420.0,10362100.0,1124.9656982421875
2016-01-20,23200.0,22640.0,23200.0,22760.0,8352600.0,1093.2630615234375
2016-01-21,23100.0,22500.0,22660.0,22620.0,9517600.0,1086.538330078125
2016-01-22,23360.0,22900.0,22900.0,23360.0,7376400.0,1122.083740234375
2016-01-25,23520.0,23120.0,23440.0,23240.0,7995650.0,1116.319580078125
2016-01-26,23140.0,22720.0,23100.0,22740.0,7619950.0,1092.3023681640625
2016-01-27,23500.0,22520.0,22520.0,23500.0,13811850.0,1128.808349609375
2016-01-28,23360.0,22780.0,23280.0,22900.0,15795600.0,1099.98779296875
2016-01-29,23000.0,22320.0,22800.0,23000.0,21849150.0,1104.7913818359375
2016-02-01,23260.0,23020.0,23040.0,23260.0,12998950.0,1117.2802734375
2016-02-02,23320.0,22940.0,23220.0,23120.0,8317400.0,1110.555419921875
2016-02-03,23040.0,22740.0,23000.0,22920.0,8725350.0,1100.9486083984375
2016-02-04,23220.0,22960.0,23000.0,23120.0,12397950.0,1110.555419921875
2016-02-05,23380.0,23120.0,23120.0,23280.0,9404700.0,1118.2408447265625
2016-02-11,22740.0,22360.0,22360.0,22600.0,15263100.0,1085.5775146484375
2016-02-12,23020.0,22440.0,22600.0,22600.0,12811600.0,1085.5775146484375
2016-02-15,23200.0,22880.0,23080.0,23080.0,9157300.0,1108.6339111328125
2016-02-16,23580.0,23140.0,23160.0,23360.0,9020050.0,1122.083740234375
2016-02-17,24020.0,23380.0,23580.0,23700.0,12303100.0,1138.415283203125
2016-02-18,24060.0,23560.0,24060.0,23740.0,11124050.0,1140.336669921875
2016-02-19,23900.0,23480.0,23740.0,23800.0,8842600.0,1143.2188720703125
2016-02-22,23840.0,23320.0,23800.0,23500.0,8744950.0,1128.808349609375
2016-02-23,23780.0,23460.0,23580.0,23620.0,7383700.0,1134.5726318359375
2016-02-24,23580.0,23220.0,23560.0,23440.0,7024200.0,1125.926513671875
2016-02-25,23740.0,23440.0,23440.0,23580.0,6681750.0,1132.6512451171875
2016-02-26,23740.0,23440.0,23600.0,23440.0,8867200.0,1125.926513671875
2016-02-29,23880.0,23520.0,23580.0,23560.0,14434000.0,1131.6904296875
2016-03-02,24140.0,23920.0,24000.0,23940.0,11818600.0,1149.943603515625
2016-03-03,24400.0,24040.0,24260.0,24400.0,10949550.0,1172.0394287109375
2016-03-04,24560.0,24040.0,24400.0,24300.0,10074500.0,1167.236083984375
2016-03-07,24620.0,24300.0,24400.0,24460.0,6568800.0,1174.921630859375
2016-03-08,24480.0,23720.0,24460.0,23840.0,10810100.0,1145.14013671875
2016-03-09,23980.0,23540.0,23760.0,23880.0,9169000.0,1147.0615234375
2016-03-10,24720.0,24020.0,24160.0,24500.0,14177000.0,1176.843017578125
2016-03-11,25060.0,24320.0,24500.0,24980.0,13361250.0,1199.8995361328125
2016-03-14,25460.0,24980.0,25340.0,25100.0,10857700.0,1205.6636962890625
2016-03-15,25280.0,24920.0,25100.0,25060.0,8640400.0,1203.7421875
2016-03-16,25260.0,25060.0,25120.0,25120.0,7342800.0,1206.6241455078125
2016-03-17,25920.0,25140.0,25300.0,25260.0,12343450.0,1213.3489990234375
2016-03-18,25560.0,25260.0,25560.0,25460.0,11265700.0,1222.9559326171875
2016-03-21,25580.0,25160.0,25480.0,25340.0,9058500.0,1217.19189453125
2016-03-22,25580.0,25240.0,25340.0,25380.0,10143600.0,1219.1131591796875
2016-03-23,25580.0,25240.0,25380.0,25580.0,9870900.0,1228.719970703125
2016-03-24,25800.0,25320.0,25580.0,25640.0,10939750.0,1231.6021728515625
2016-03-25,25800.0,25560.0,25660.0,25760.0,7172300.0,1237.3663330078125
2016-03-28,26000.0,25760.0,25760.0,25880.0,6060900.0,1243.1304931640625
2016-03-29,26000.0,25700.0,25880.0,25800.0,8622700.0,1239.2877197265625
2016-03-30,26420.0,26040.0,26200.0,26160.0,13380250.0,1256.5799560546875
2016-03-31,26280.0,25960.0,26120.0,26240.0,19130750.0,1260.4227294921875
2016-04-01,26180.0,25420.0,25980.0,25580.0,13557800.0,1228.719970703125
2016-04-04,26100.0,25580.0,25580.0,26100.0,9402300.0,1253.697998046875
2016-04-05,25980.0,25200.0,25980.0,25200.0,11815950.0,1210.4669189453125
2016-04-06,25820.0,25360.0,25380.0,25700.0,9211700.0,1234.4842529296875
2016-04-07,26000.0,25160.0,26000.0,25380.0,12939750.0,1219.1131591796875
2016-04-08,25380.0,24800.0,25380.0,24920.0,12593400.0,1197.0172119140625
2016-04-11,25420.0,24920.0,24920.0,25320.0,6034650.0,1216.231201171875
2016-04-12,25620.0,25320.0,25400.0,25500.0,6702700.0,1224.8773193359375
2016-04-14,26040.0,25780.0,26000.0,26000.0,16766350.0,1248.89453125
2016-04-15,26200.0,25800.0,26180.0,26000.0,6829950.0,1248.89453125
2016-04-18,26100.0,25840.0,25900.0,25980.0,6423700.0,1247.933837890625
2016-04-19,25920.0,25660.0,25880.0,25760.0,7238300.0,1237.3663330078125
2016-04-20,26000.0,25640.0,25640.0,25980.0,8598600.0,1247.933837890625
2016-04-21,26020.0,25760.0,26000.0,25880.0,7254450.0,1243.1304931640625
2016-04-22,25880.0,25540.0,25880.0,25600.0,5741500.0,1229.6807861328125
2016-04-25,25700.0,25420.0,25700.0,25620.0,4597850.0,1230.6416015625
2016-04-26,26100.0,25660.0,25700.0,25920.0,8345050.0,1245.0517578125
2016-04-27,26000.0,25720.0,25880.0,26000.0,8297300.0,1248.89453125
2016-04-28,26000.0,25220.0,26000.0,25300.0,14653450.0,1215.2703857421875
2016-04-29,25340.0,24840.0,25200.0,24900.0,16253900.0,1196.0567626953125
2016-05-02,25240.0,24900.0,24940.0,25000.0,7027600.0,1200.860107421875
2016-05-03,25400.0,25120.0,25340.0,25220.0,7903300.0,1211.4276123046875
2016-05-04,25800.0,25240.0,25440.0,25800.0,14702750.0,1239.2877197265625
2016-05-09,26000.0,25700.0,25800.0,25980.0,13718100.0,1247.933837890625
2016-05-10,26000.0,25760.0,25980.0,25920.0,8559550.0,1245.0517578125
2016-05-11,25980.0,25740.0,25920.0,25840.0,8834400.0,1241.208984375
2016-05-12,25840.0,25500.0,25840.0,25620.0,7615100.0,1230.6416015625
2016-05-13,25620.0,25020.0,25620.0,25060.0,12284900.0,1203.7421875
2016-05-16,25260.0,24940.0,25060.0,24960.0,11720150.0,1198.9388427734375
2016-05-17,25300.0,24980.0,24980.0,25280.0,9183550.0,1214.309814453125
2016-05-18,25420.0,25100.0,25280.0,25360.0,9169600.0,1218.15234375
2016-05-19,25540.0,25320.0,25360.0,25400.0,10012450.0,1220.073974609375
2016-05-20,25600.0,25380.0,25400.0,25380.0,7960550.0,1219.1131591796875
2016-05-23,25720.0,25380.0,25380.0,25720.0,8112550.0,1235.4449462890625
2016-05-24,25780.0,25360.0,25720.0,25420.0,10434600.0,1221.03466796875
2016-05-25,25960.0,25480.0,25660.0,25900.0,11862750.0,1244.091064453125
2016-05-26,26060.0,25900.0,25980.0,25920.0,12653650.0,1245.0517578125
2016-05-27,26020.0,25460.0,26000.0,25640.0,13744550.0,1231.6021728515625
2016-05-30,25940.0,25480.0,25940.0,25600.0,10315350.0,1229.6807861328125
2016-05-31,26000.0,25360.0,25600.0,25840.0,62527700.0,1241.208984375
2016-06-01,26820.0,25900.0,25960.0,26660.0,23504000.0,1280.5970458984375
2016-06-02,27440.0,26920.0,27000.0,27300.0,23806950.0,1311.3394775390625
2016-06-03,27580.0,27280.0,27400.0,27540.0,17066200.0,1322.8673095703125
2016-06-07,28040.0,27600.0,27720.0,27960.0,23142150.0,1343.0419921875
2016-06-08,28380.0,27780.0,28380.0,28120.0,18808100.0,1350.7274169921875
2016-06-09,28600.0,28120.0,28160.0,28600.0,25768750.0,1373.783935546875
2016-06-10,28500.0,28080.0,28480.0,28120.0,14484050.0,1350.7274169921875
2016-06-13,27920.0,27240.0,27920.0,27420.0,15248300.0,1317.1033935546875
2016-06-14,27720.0,27380.0,27420.0,27600.0,12273050.0,1325.7496337890625
2016-06-15,28320.0,27660.0,27700.0,28260.0,15334450.0,1357.4525146484375
2016-06-16,28340.0,27900.0,28260.0,28180.0,14621550.0,1353.6094970703125
2016-06-17,28700.0,28200.0,28200.0,28520.0,16419700.0,1369.9412841796875
2016-06-20,28960.0,28520.0,28540.0,28620.0,13515800.0,1374.7447509765625
2016-06-21,28980.0,28520.0,28640.0,28960.0,10020550.0,1391.0760498046875
2016-06-22,29000.0,28620.0,28920.0,28900.0,8948250.0,1388.1942138671875
2016-06-23,28900.0,28540.0,28880.0,28600.0,11256300.0,1373.783935546875
2016-06-24,28900.0,27200.0,28900.0,28000.0,20552600.0,1344.9632568359375
2016-06-27,28100.0,27700.0,28000.0,27960.0,11839000.0,1343.0419921875
2016-06-28,28080.0,27580.0,27800.0,27980.0,10718950.0,1344.0025634765625
2016-06-29,28240.0,27820.0,28160.0,27920.0,10527050.0,1390.8284912109375
2016-06-30,28900.0,27940.0,28160.0,28500.0,13671700.0,1419.7213134765625
2016-07-01,29580.0,28540.0,28540.0,29320.0,14393600.0,1460.569091796875
2016-07-04,29480.0,29020.0,29280.0,29320.0,7995000.0,1460.569091796875
2016-07-05,29500.0,29240.0,29320.0,29380.0,7870350.0,1463.5579833984375
2016-07-06,29040.0,28240.0,28940.0,28420.0,16749150.0,1415.7359619140625
2016-07-07,29000.0,28320.0,28420.0,29000.0,11495200.0,1444.62841796875
2016-07-08,29500.0,28980.0,29000.0,29200.0,13498150.0,1454.59130859375
2016-07-11,30000.0,29200.0,29200.0,29780.0,14056800.0,1483.48388671875
2016-07-12,30100.0,29200.0,29980.0,29280.0,11024700.0,1458.576904296875
2016-07-13,29920.0,29260.0,29920.0,29620.0,10009900.0,1475.5135498046875
2016-07-14,30000.0,29520.0,29620.0,30000.0,12430250.0,1494.4432373046875
2016-07-15,30440.0,29720.0,30000.0,30360.0,11623150.0,1512.3765869140625
2016-07-18,30660.0,30000.0,30360.0,30660.0,11567200.0,1527.3209228515625
2016-07-19,30800.0,30440.0,30560.0,30660.0,10122250.0,1527.3209228515625
2016-07-20,30840.0,30480.0,30660.0,30800.0,7773150.0,1534.295166015625
2016-07-21,30940.0,30740.0,30800.0,30860.0,8544700.0,1537.2841796875
2016-07-22,30560.0,30120.0,30120.0,30320.0,8585150.0,1510.3839111328125
2016-07-25,30460.0,29900.0,30000.0,30040.0,7732500.0,1496.4359130859375
2016-07-26,30620.0,29960.0,30000.0,30600.0,7228500.0,1524.33203125
2016-07-27,30580.0,30240.0,30240.0,30540.0,6335050.0,1521.3431396484375
2016-07-28,30720.0,29960.0,30660.0,30140.0,9503700.0,1501.4173583984375
2016-07-29,31140.0,30220.0,30400.0,30780.0,14985600.0,1533.298828125
2016-08-01,31600.0,31200.0,31380.0,31360.0,11515400.0,1562.19140625
2016-08-02,31360.0,30920.0,31360.0,30960.0,8315800.0,1542.265380859375
2016-08-03,30960.0,30340.0,30960.0,30340.0,7504900.0,1511.38037109375
2016-08-04,30660.0,30340.0,30380.0,30340.0,7009950.0,1511.38037109375
2016-08-05,31280.0,30500.0,30580.0,31220.0,6958850.0,1555.2174072265625
2016-08-08,31500.0,31120.0,31320.0,31380.0,11125150.0,1563.187744140625
2016-08-09,31580.0,31140.0,31480.0,31340.0,9023200.0,1561.1953125
2016-08-10,31400.0,30680.0,31340.0,30820.0,12340350.0,1535.2913818359375
2016-08-11,31180.0,30520.0,30820.0,31180.0,10533600.0,1553.2247314453125
2016-08-12,31400.0,30880.0,31180.0,30900.0,10474850.0,1539.2767333984375
2016-08-16,31520.0,30900.0,30900.0,31360.0,10843100.0,1562.19140625
2016-08-17,31400.0,31020.0,31380.0,31320.0,7446450.0,1560.198974609375
2016-08-18,32880.0,31320.0,31340.0,32800.0,18327050.0,1633.9246826171875
2016-08-19,33500.0,32720.0,32760.0,33500.0,16805150.0,1668.794921875
2016-08-22,33840.0,33180.0,33480.0,33300.0,12612200.0,1658.83203125
2016-08-23,33880.0,33140.0,33300.0,33740.0,11545700.0,1680.75048828125
2016-08-24,33640.0,32720.0,33600.0,33060.0,15938550.0,1646.8765869140625
2016-08-25,33180.0,32440.0,32600.0,32780.0,14173800.0,1632.9283447265625
2016-08-26,32460.0,32060.0,32120.0,32240.0,12058000.0,1606.0284423828125
2016-08-29,32800.0,31940.0,32040.0,32800.0,8925750.0,1633.9246826171875
2016-08-30,33420.0,32660.0,32940.0,32900.0,7849600.0,1638.9061279296875
2016-08-31,32820.0,32220.0,32820.0,32400.0,20532200.0,1613.998779296875
2016-09-01,31760.0,31260.0,31660.0,31740.0,18790150.0,1581.120849609375
2016-09-02,32260.0,31760.0,31900.0,31940.0,8153000.0,1591.0841064453125
2016-09-05,32300.0,31700.0,31800.0,32120.0,8383800.0,1600.05078125
2016-09-06,32900.0,31940.0,32140.0,32860.0,7660150.0,1636.91357421875
2016-09-07,33040.0,32420.0,32960.0,32420.0,9591850.0,1614.9951171875
2016-09-08,32780.0,32280.0,32460.0,32780.0,12070850.0,1632.9283447265625
2016-09-09,32360.0,31280.0,32220.0,31500.0,13258400.0,1569.16552734375
2016-09-12,30120.0,29120.0,29800.0,29300.0,26499350.0,1459.5728759765625
2016-09-13,30980.0,29900.0,30160.0,30540.0,24717250.0,1521.3431396484375
2016-09-19,31380.0,30720.0,30760.0,31160.0,22408150.0,1552.228515625
2016-09-20,31760.0,31180.0,31180.0,31700.0,12921150.0,1579.12841796875
2016-09-21,32020.0,31520.0,31900.0,31840.0,10509050.0,1586.102294921875
2016-09-22,32820.0,31980.0,32000.0,32360.0,11429950.0,1612.00634765625
2016-09-23,31960.0,31320.0,31640.0,31420.0,18299650.0,1565.18017578125
2016-09-26,31920.0,31280.0,31420.0,31360.0,14524800.0,1562.19140625
2016-09-27,31500.0,30660.0,31000.0,31380.0,9834400.0,1563.187744140625
2016-09-28,31460.0,31080.0,31080.0,31340.0,8706400.0,1561.1953125
2016-09-29,32380.0,31440.0,31460.0,32000.0,11397550.0,1594.072998046875
2016-09-30,32300.0,31700.0,31800.0,31960.0,11762700.0,1592.0802001953125
2016-10-04,32480.0,32120.0,32200.0,32280.0,13053100.0,1608.02099609375
2016-10-05,32520.0,31940.0,32020.0,32380.0,12470450.0,1613.00244140625
2016-10-06,34000.0,33340.0,33920.0,33820.0,29558150.0,1684.735595703125
2016-10-07,34320.0,33800.0,34000.0,34120.0,26050550.0,1699.6800537109375
2016-10-10,33780.0,32560.0,33000.0,33600.0,25293300.0,1673.776611328125
2016-10-11,32500.0,30900.0,32000.0,30900.0,38427150.0,1539.2767333984375
2016-10-12,30900.0,29880.0,29900.0,30700.0,39088550.0,1529.313720703125
2016-10-13,31620.0,30900.0,31000.0,31140.0,21864550.0,1551.2320556640625
2016-10-14,31760.0,30940.0,30960.0,31540.0,14158950.0,1571.157958984375
2016-10-17,32040.0,30760.0,31300.0,31800.0,12785200.0,1584.10986328125
2016-10-18,31900.0,31440.0,31440.0,31780.0,10384500.0,1583.1136474609375
2016-10-19,32860.0,31500.0,31580.0,32500.0,15444550.0,1618.980224609375
2016-10-20,33020.0,32180.0,32520.0,32400.0,10330450.0,1613.998779296875
2016-10-21,32260.0,31760.0,32120.0,31780.0,10477500.0,1583.1136474609375
2016-10-24,32160.0,31800.0,31860.0,32160.0,9289950.0,1602.0430908203125
2016-10-25,32080.0,31840.0,32000.0,31940.0,9866100.0,1591.0841064453125
2016-10-26,31980.0,31240.0,31940.0,31340.0,10534000.0,1561.1953125
2016-10-27,32340.0,31120.0,31420.0,31460.0,14117000.0,1567.1729736328125
2016-10-28,32280.0,31600.0,31600.0,32280.0,10214200.0,1608.02099609375
2016-10-31,32780.0,32220.0,32320.0,32780.0,12067200.0,1632.9283447265625
2016-11-01,33040.0,32240.0,32600.0,33040.0,10347400.0,1645.8802490234375
2016-11-02,33040.0,32620.0,32800.0,32860.0,10099250.0,1636.91357421875
2016-11-03,32800.0,32120.0,32600.0,32320.0,10341850.0,1610.0135498046875
2016-11-04,32680.0,32100.0,32100.0,32540.0,7103850.0,1620.9730224609375
2016-11-07,33000.0,32680.0,32940.0,32800.0,7661900.0,1633.9246826171875
2016-11-08,32980.0,32700.0,32980.0,32880.0,5417450.0,1637.9100341796875
2016-11-09,33140.0,31820.0,32920.0,31920.0,15683600.0,1590.0877685546875
2016-11-10,33000.0,32360.0,32600.0,32980.0,11795350.0,1642.8912353515625
2016-11-11,32360.0,31700.0,31700.0,31960.0,12836800.0,1592.0802001953125
2016-11-14,31920.0,31040.0,31900.0,31060.0,15133300.0,1547.2470703125
2016-11-15,31620.0,30780.0,31060.0,30780.0,13665700.0,1533.298828125
2016-11-16,31280.0,30800.0,30800.0,31160.0,13308200.0,1552.228515625
2016-11-17,31520.0,30900.0,31100.0,31360.0,7870550.0,1562.19140625
2016-11-18,31760.0,31400.0,31640.0,31720.0,9460750.0,1580.124755859375
2016-11-21,32120.0,31300.0,31300.0,31860.0,8180200.0,1587.0989990234375
2016-11-22,32900.0,32000.0,32140.0,32800.0,9751100.0,1633.9246826171875
2016-11-23,33220.0,32520.0,33220.0,32980.0,12668600.0,1642.8912353515625
2016-11-24,33040.0,32660.0,32980.0,33000.0,7757150.0,1643.8875732421875
2016-11-25,33040.0,32660.0,32820.0,33000.0,6276900.0,1643.8875732421875
2016-11-28,33620.0,32800.0,33000.0,33540.0,13294050.0,1670.7879638671875
2016-11-29,33960.0,33380.0,33800.0,33540.0,18081300.0,1670.7879638671875
2016-11-30,34940.0,33540.0,33540.0,34920.0,28535200.0,1739.5318603515625
2016-12-01,35060.0,34660.0,34800.0,34980.0,15535350.0,1742.520751953125
2016-12-02,34760.0,34140.0,34480.0,34540.0,15352950.0,1720.6021728515625
2016-12-05,34680.0,34220.0,34340.0,34360.0,8484600.0,1711.6357421875
2016-12-06,35200.0,34400.0,34440.0,34960.0,14001800.0,1741.524658203125
2016-12-07,35480.0,35040.0,35040.0,35440.0,9603650.0,1765.4354248046875
2016-12-08,36020.0,35520.0,35980.0,35800.0,16462550.0,1783.368896484375
2016-12-09,35900.0,35400.0,35900.0,35600.0,10652450.0,1773.4061279296875
2016-12-12,35360.0,34660.0,34660.0,35040.0,11414450.0,1745.5096435546875
2016-12-13,35440.0,34620.0,34620.0,35320.0,11684450.0,1759.4580078125
2016-12-14,35680.0,35280.0,35560.0,35540.0,7455100.0,1770.417236328125
2016-12-15,35500.0,34820.0,34820.0,35180.0,5773550.0,1752.484130859375
2016-12-16,36020.0,35200.0,35300.0,35860.0,11747700.0,1786.357666015625
2016-12-19,36380.0,35620.0,35620.0,35900.0,5435800.0,1788.3505859375
2016-12-20,36400.0,35840.0,35920.0,36240.0,7615200.0,1805.2874755859375
2016-12-21,36600.0,36020.0,36360.0,36100.0,6552100.0,1798.313232421875
2016-12-22,36300.0,35980.0,36260.0,36180.0,6354600.0,1802.298828125
2016-12-23,36080.0,35600.0,36020.0,35640.0,8334850.0,1775.398681640625
2016-12-26,36000.0,35560.0,35600.0,35960.0,4823600.0,1791.3394775390625
2016-12-27,36200.0,35860.0,35980.0,35980.0,4653450.0,1792.3355712890625
2016-12-28,35980.0,35600.0,35840.0,35760.0,6662900.0,7558.24609375
2016-12-29,36040.0,35400.0,35420.0,36040.0,7516450.0,7617.4267578125
2017-01-02,36240.0,35880.0,35980.0,36100.0,4650600.0,7630.10791015625
2017-01-03,36620.0,36020.0,36280.0,36480.0,7357650.0,7710.42529296875
2017-01-04,36520.0,36100.0,36500.0,36160.0,7971750.0,7642.79052734375
2017-01-05,36060.0,35540.0,36060.0,35560.0,10967450.0,7515.97314453125
2017-01-06,36440.0,36040.0,36180.0,36200.0,8880950.0,7651.2451171875
2017-01-09,37500.0,36560.0,36600.0,37220.0,13194900.0,7866.83203125
2017-01-10,37400.0,37080.0,37280.0,37240.0,9099800.0,7871.0595703125
2017-01-11,38560.0,37420.0,37520.0,38280.0,12018150.0,8090.87451171875
2017-01-12,38800.0,37980.0,38000.0,38800.0,11669150.0,8200.7822265625
2017-01-13,38320.0,37460.0,38100.0,37460.0,15954450.0,7917.55810546875
2017-01-16,37820.0,36320.0,36860.0,36660.0,16611500.0,7748.47021484375
2017-01-17,37460.0,36580.0,36580.0,36960.0,8150700.0,7811.87841796875
2017-01-18,37500.0,36620.0,37040.0,36940.0,8875400.0,7807.6513671875
2017-01-19,37920.0,37020.0,37720.0,37480.0,9418900.0,7921.7861328125
2017-01-20,37420.0,36880.0,37120.0,37200.0,9185000.0,7862.60400390625
2017-01-23,38060.0,37000.0,37200.0,38060.0,8810400.0,8044.37451171875
2017-01-24,38580.0,37880.0,38120.0,38160.0,11048750.0,8065.5107421875
2017-01-25,39400.0,38320.0,38340.0,39400.0,13433850.0,8327.59765625
2017-01-26,40000.0,39420.0,39420.0,39900.0,15214500.0,8433.27734375
2017-01-31,39900.0,39460.0,39900.0,39460.0,17992200.0,8340.279296875
2017-02-01,39660.0,39040.0,39540.0,39120.0,14150400.0,8268.4169921875
2017-02-02,39660.0,39200.0,39600.0,39360.0,15029300.0,8319.1435546875
2017-02-03,39500.0,39180.0,39400.0,39460.0,10386350.0,8340.279296875
2017-02-06,39660.0,39140.0,39580.0,39560.0,8860700.0,8361.416015625
2017-02-07,39580.0,38760.0,39560.0,38820.0,14041800.0,8205.0078125
2017-02-08,38780.0,38200.0,38740.0,38400.0,17092950.0,8116.2373046875
2017-02-09,38840.0,38220.0,38780.0,38400.0,13694150.0,8116.2373046875
2017-02-10,38760.0,38300.0,38400.0,38360.0,11020750.0,8107.78271484375
2017-02-13,38060.0,37720.0,37740.0,37960.0,11102050.0,8023.23876953125
2017-02-14,38260.0,37320.0,37960.0,37580.0,13124150.0,7942.92236328125
2017-02-15,37960.0,37080.0,37080.0,37720.0,14191550.0,7972.51220703125
2017-02-16,38360.0,37780.0,37800.0,38020.0,10226350.0,8035.92041015625
2017-02-17,38040.0,37280.0,37560.0,37860.0,15377450.0,8002.10302734375
2017-02-20,38780.0,38160.0,38220.0,38660.0,7485800.0,8171.1904296875
2017-02-21,39560.0,38420.0,38540.0,38940.0,10562600.0,8230.3701171875
2017-02-22,39340.0,38980.0,39000.0,39300.0,8539450.0,8306.4609375
2017-02-23,39440.0,39020.0,39020.0,39180.0,10217300.0,8281.0986328125
2017-02-24,39100.0,38060.0,38960.0,38220.0,9296850.0,8078.19140625
2017-02-27,38140.0,37700.0,38020.0,38060.0,9033700.0,8044.37451171875
2017-02-28,38760.0,37960.0,38060.0,38440.0,15088700.0,8124.69189453125
2017-03-02,39860.0,38420.0,38420.0,39720.0,21249800.0,8395.2333984375
2017-03-03,39720.0,39160.0,39340.0,39620.0,12708700.0,8374.0966796875
2017-03-06,40220.0,39220.0,39220.0,40080.0,12234850.0,8471.3232421875
2017-03-07,40320.0,39800.0,39800.0,40200.0,10553250.0,8496.6865234375
2017-03-08,40620.0,40140.0,40200.0,40200.0,12140950.0,8496.6865234375
2017-03-09,40300.0,40020.0,40200.0,40200.0,14372250.0,8496.6865234375
2017-03-10,40420.0,39860.0,39960.0,40180.0,10227800.0,8492.4580078125
2017-03-13,40980.0,40040.0,40040.0,40600.0,7424100.0,8581.23046875
2017-03-14,41540.0,40500.0,40620.0,41360.0,11325050.0,8741.86328125
2017-03-15,41440.0,40800.0,40800.0,41400.0,9587850.0,8750.318359375
2017-03-16,42180.0,41540.0,41800.0,41840.0,9933150.0,8843.3173828125
2017-03-17,42500.0,41720.0,41800.0,42400.0,12602300.0,8961.6787109375
2017-03-20,42120.0,41740.0,42000.0,41900.0,10250050.0,8855.9990234375
2017-03-21,42680.0,41760.0,41780.0,42560.0,14220150.0,8995.49609375
2017-03-22,42460.0,41580.0,41600.0,42460.0,16427250.0,8974.361328125
2017-03-23,42360.0,41700.0,42200.0,41800.0,15397100.0,8834.8623046875
2017-03-24,41980.0,41080.0,41600.0,41500.0,12808150.0,8771.455078125
2017-03-27,41880.0,41180.0,41200.0,41200.0,12177650.0,8708.0458984375
2017-03-28,41840.0,41380.0,41560.0,41480.0,8216250.0,8767.2275390625
2017-03-29,41960.0,41580.0,41740.0,41780.0,10093250.0,8830.6357421875
2017-03-30,42440.0,41880.0,41880.0,41980.0,8204000.0,10658.712890625
2017-03-31,42020.0,41200.0,41820.0,41200.0,10500300.0,10460.6708984375
2017-04-03,41720.0,41300.0,41400.0,41440.0,9579400.0,10521.607421875
2017-04-04,42180.0,41520.0,41600.0,42080.0,12255500.0,10684.1025390625
2017-04-05,42240.0,41700.0,41900.0,42140.0,10699700.0,10699.337890625
2017-04-06,42080.0,41600.0,42000.0,41840.0,9683400.0,10623.16796875
2017-04-07,41820.0,41160.0,41800.0,41600.0,10021000.0,10562.23046875
2017-04-10,41940.0,41500.0,41940.0,41940.0,7141350.0,10648.5576171875
2017-04-11,41940.0,41580.0,41940.0,41600.0,7172900.0,10562.23046875
2017-04-12,41940.0,41700.0,41860.0,41900.0,8274900.0,10638.4033203125
2017-04-13,42460.0,41660.0,41660.0,42420.0,9040800.0,10770.4296875
2017-04-14,42260.0,41760.0,42160.0,42020.0,5462850.0,10668.869140625
2017-04-17,42080.0,41520.0,42000.0,41560.0,5224750.0,10552.07421875
2017-04-18,41820.0,41280.0,41680.0,41500.0,6860650.0,10536.841796875
2017-04-19,41420.0,40900.0,41300.0,40900.0,11762900.0,10384.501953125
2017-04-20,40800.0,40080.0,40580.0,40280.0,21148850.0,10227.083984375
2017-04-21,41400.0,40480.0,40480.0,40760.0,15130500.0,10348.9560546875
2017-04-24,41260.0,40920.0,41260.0,41240.0,8990150.0,10470.8271484375
2017-04-25,42740.0,41320.0,41460.0,42700.0,19299600.0,10841.5205078125
2017-04-26,42800.0,42520.0,42700.0,42800.0,14794800.0,10866.912109375
2017-04-27,44520.0,41960.0,42700.0,43840.0,23032250.0,11130.96875
2017-04-28,45800.0,44520.0,45780.0,44620.0,22685700.0,11329.0087890625
2017-05-02,45500.0,44760.0,45500.0,44900.0,14068300.0,11400.1015625
2017-05-04,45700.0,44860.0,45700.0,45520.0,13690100.0,11557.5185546875
2017-05-08,47020.0,45340.0,45520.0,47020.0,19582550.0,11938.369140625
2017-05-10,47220.0,45600.0,46160.0,45600.0,23410950.0,11577.8310546875
2017-05-11,46180.0,45220.0,45420.0,45500.0,21277850.0,11552.443359375
2017-05-12,46160.0,45660.0,45760.0,45820.0,9422900.0,11633.6875
2017-05-15,46280.0,45620.0,45620.0,46100.0,8001400.0,11704.78125
2017-05-16,46800.0,46100.0,46660.0,46380.0,8803750.0,11775.8740234375
2017-05-17,46640.0,46100.0,46120.0,46340.0,7424450.0,11765.7158203125
2017-05-18,46000.0,45540.0,45740.0,45940.0,11160350.0,11664.158203125
2017-05-19,45780.0,44720.0,45640.0,44720.0,15762350.0,11354.3994140625
2017-05-22,45380.0,44760.0,45040.0,45100.0,17643550.0,11450.8798828125
2017-05-23,45580.0,44900.0,45400.0,44920.0,12607050.0,11405.1787109375
2017-05-24,45300.0,44800.0,44860.0,44880.0,8675400.0,11395.021484375
2017-05-25,45680.0,44800.0,45160.0,45680.0,13044800.0,11598.1416015625
2017-05-26,46460.0,45540.0,45600.0,46080.0,13613650.0,11699.7041015625
2017-05-29,46400.0,45380.0,46220.0,45620.0,8739550.0,11582.9091796875
2017-05-30,45660.0,44480.0,45520.0,44640.0,12433600.0,11334.0869140625
2017-05-31,45020.0,44400.0,44580.0,44700.0,18669100.0,11349.3203125
2017-06-01,44900.0,44400.0,44860.0,44680.0,9753500.0,11344.2431640625
2017-06-02,45960.0,45000.0,45060.0,45960.0,12488750.0,11669.2353515625
2017-06-05,46360.0,45720.0,46040.0,45940.0,7599400.0,11664.158203125
2017-06-07,46500.0,45240.0,46500.0,45300.0,13729400.0,11501.6611328125
2017-06-08,45580.0,45000.0,45000.0,45160.0,13978750.0,11466.115234375
2017-06-09,46440.0,45600.0,45680.0,46100.0,11732850.0,11704.78125
2017-06-12,45600.0,45140.0,45420.0,45380.0,10954300.0,11521.9716796875
2017-06-13,45620.0,45140.0,45140.0,45400.0,8624900.0,11527.0498046875
2017-06-14,46060.0,45240.0,45800.0,45360.0,10166700.0,11516.89453125
2017-06-15,45920.0,45180.0,45680.0,45680.0,9657000.0,11598.1416015625
2017-06-16,45940.0,45460.0,45500.0,45580.0,17403450.0,11572.751953125
2017-06-19,46560.0,45560.0,45580.0,46560.0,11303900.0,11821.5732421875
2017-06-20,48140.0,47220.0,47240.0,48140.0,15045000.0,12222.73828125
2017-06-21,48120.0,47480.0,47740.0,47480.0,9973650.0,12055.16015625
2017-06-22,48080.0,47720.0,47960.0,47960.0,11455800.0,12177.0341796875
2017-06-23,47780.0,47420.0,47600.0,47620.0,9515100.0,12090.70703125
2017-06-26,48360.0,47520.0,47520.0,48280.0,8552800.0,12258.283203125
2017-06-27,48400.0,47900.0,48220.0,48300.0,9616750.0,12263.361328125
2017-06-28,48000.0,47560.0,47600.0,47700.0,9572500.0,12111.021484375
2017-06-29,48320.0,47940.0,48040.0,47940.0,8306550.0,14265.4130859375
2017-06-30,47620.0,47100.0,47500.0,47540.0,11877550.0,14146.38671875
2017-07-03,47780.0,47120.0,47500.0,47220.0,6805550.0,14051.1630859375
2017-07-04,47400.0,46900.0,47160.0,47000.0,7961000.0,13985.6982421875
2017-07-05,47680.0,46780.0,46820.0,47580.0,10640250.0,14158.2890625
2017-07-06,48100.0,47720.0,48000.0,48060.0,10923050.0,14301.12109375
2017-07-07,48120.0,47620.0,47740.0,47860.0,8131900.0,14241.607421875
2017-07-10,48900.0,48320.0,48500.0,48660.0,10792750.0,14479.662109375
2017-07-11,49000.0,48280.0,48640.0,49000.0,9717800.0,14580.8359375
2017-07-12,50000.0,48840.0,49000.0,49880.0,9486150.0,14842.6943359375
2017-07-13,50940.0,50040.0,50080.0,50560.0,16034150.0,15045.0419921875
2017-07-14,51080.0,50420.0,51000.0,50480.0,8239000.0,15021.2373046875
2017-07-17,51020.0,50520.0,50900.0,50640.0,8976100.0,15068.8466796875
2017-07-18,50880.0,50360.0,50420.0,50840.0,7084450.0,15128.3603515625
2017-07-19,50820.0,50000.0,50620.0,50740.0,11157500.0,15098.6025390625
2017-07-20,51320.0,50560.0,50760.0,51200.0,8367600.0,15235.484375
2017-07-21,51160.0,50520.0,50860.0,51080.0,8449050.0,15199.77734375
2017-07-24,51000.0,50620.0,50700.0,50860.0,7099750.0,15134.3115234375
2017-07-25,50760.0,49940.0,50500.0,50000.0,10810600.0,14878.4033203125
2017-07-26,50020.0,49300.0,49600.0,49840.0,11224800.0,14830.79296875
2017-07-27,50640.0,49560.0,50000.0,49800.0,11449500.0,14818.8896484375
2017-07-28,49800.0,47380.0,49800.0,47760.0,26168300.0,14211.8505859375
2017-07-31,48240.0,46920.0,47420.0,48200.0,12701400.0,14342.78125
2017-08-01,48840.0,47540.0,48000.0,48600.0,11369500.0,14461.80859375
2017-08-02,49340.0,48600.0,49200.0,49000.0,7777450.0,14580.8359375
2017-08-03,49000.0,47120.0,49000.0,47780.0,15540800.0,14217.80078125
2017-08-04,48180.0,47500.0,48160.0,47700.0,8359200.0,14193.99609375
2017-08-07,48080.0,47440.0,47500.0,47580.0,7218250.0,14158.2890625
2017-08-08,48260.0,47480.0,47980.0,47720.0,7979600.0,14199.9462890625
2017-08-09,47400.0,46240.0,47400.0,46280.0,14555400.0,13771.4501953125
2017-08-10,46320.0,45460.0,46200.0,45900.0,22986150.0,13658.3740234375
2017-08-11,45300.0,44220.0,45120.0,44620.0,25407300.0,13277.48828125
2017-08-14,45400.0,44720.0,45120.0,45000.0,19185600.0,13390.5615234375
2017-08-16,46380.0,46000.0,46220.0,46200.0,21913650.0,13747.64453125
2017-08-17,47300.0,46740.0,46960.0,47040.0,12415850.0,13997.6015625
2017-08-18,47240.0,46240.0,46760.0,46900.0,10477950.0,13955.9423828125
2017-08-21,47240.0,46580.0,47240.0,46840.0,5103450.0,13938.087890625
2017-08-22,47160.0,46700.0,46820.0,47000.0,7381750.0,13985.6982421875
2017-08-23,47780.0,47180.0,47780.0,47480.0,9384700.0,14128.5322265625
2017-08-24,47660.0,47340.0,47520.0,47520.0,8657450.0,14140.4326171875
2017-08-25,47880.0,46720.0,47880.0,47020.0,11243550.0,13991.6494140625
2017-08-28,47240.0,45960.0,47020.0,46100.0,9962100.0,13717.88671875
2017-08-29,46080.0,45160.0,45640.0,46080.0,12623650.0,13711.9365234375
2017-08-30,46400.0,45960.0,46380.0,46200.0,7513000.0,13747.64453125
2017-08-31,46640.0,46000.0,46220.0,46320.0,11011700.0,13783.3515625
2017-09-01,46640.0,46300.0,46460.0,46480.0,10641700.0,13830.9638671875
2017-09-04,46360.0,45500.0,45780.0,46040.0,7943500.0,13700.033203125
2017-09-05,46900.0,45960.0,46240.0,46760.0,11716100.0,13914.2822265625
2017-09-06,47180.0,46700.0,46760.0,47000.0,10811050.0,13985.6982421875
2017-09-07,48220.0,47000.0,47000.0,48120.0,9676500.0,14318.9755859375
2017-09-08,49180.0,48580.0,48700.0,49080.0,10893000.0,14604.640625
2017-09-11,50180.0,49500.0,49700.0,49800.0,10374750.0,14818.8896484375
2017-09-12,50220.0,49140.0,50200.0,49600.0,12029750.0,14759.376953125
2017-09-13,50400.0,49440.0,49820.0,49620.0,9357000.0,14765.328125
2017-09-14,50320.0,49760.0,50060.0,50300.0,14204750.0,14967.673828125
2017-09-15,50560.0,49860.0,50300.0,50400.0,10757300.0,14997.4306640625
2017-09-18,52480.0,50520.0,50540.0,52480.0,11524950.0,15616.373046875
2017-09-19,52640.0,51780.0,52500.0,52120.0,9850400.0,15509.2490234375
2017-09-20,52500.0,51840.0,52120.0,52220.0,9292750.0,15539.0048828125
2017-09-21,52960.0,52220.0,52220.0,52800.0,8839800.0,15711.59375
2017-09-25,53680.0,53000.0,53000.0,53620.0,9303100.0,15955.59765625
2017-09-26,53620.0,53620.0,53620.0,53620.0,0.0,15955.59765625
2017-09-27,52200.0,51500.0,52000.0,51680.0,10797000.0,15378.3173828125
2017-09-28,52460.0,51260.0,52260.0,51260.0,12025450.0,17643.07421875
2017-09-29,51620.0,50840.0,51180.0,51280.0,12909400.0,17649.95703125
2017-10-10,53640.0,52800.0,53360.0,52800.0,20519800.0,18173.123046875
2017-10-11,54760.0,53340.0,53600.0,54640.0,13652150.0,18806.4296875
2017-10-12,55160.0,54100.0,54840.0,54800.0,13890700.0,18861.5
2017-10-13,54840.0,53780.0,54540.0,54000.0,12601650.0,18586.150390625
2017-10-16,54860.0,53760.0,53980.0,53920.0,9769950.0,18558.615234375
2017-10-17,55380.0,54000.0,54020.0,54800.0,10607800.0,18861.5
2017-10-18,55240.0,54040.0,54820.0,54760.0,10110750.0,18847.732421875
2017-10-19,54700.0,52980.0,54700.0,52980.0,12108700.0,18235.078125
2017-10-20,54100.0,52800.0,52800.0,53840.0,8027050.0,18531.080078125
2017-10-23,54640.0,54000.0,54600.0,54300.0,8311050.0,18689.40625
2017-10-24,54780.0,54040.0,54700.0,54040.0,5806050.0,18599.916015625
2017-10-25,54420.0,53700.0,54040.0,53900.0,5882850.0,18551.73046875
2017-10-26,53900.0,52400.0,53720.0,52400.0,9776550.0,18035.447265625
2017-10-27,53320.0,52140.0,52400.0,53080.0,7392500.0,18269.498046875
2017-10-30,54320.0,53700.0,53780.0,54040.0,8196150.0,18599.916015625
2017-10-31,55440.0,53500.0,54060.0,55080.0,13381550.0,18957.87109375
2017-11-01,57500.0,56180.0,57500.0,57220.0,14510250.0,19694.43359375
2017-11-02,57520.0,56760.0,57500.0,57060.0,10721050.0,19639.365234375
2017-11-03,57140.0,55860.0,57060.0,56380.0,9935800.0,19405.31640625
2017-11-06,56500.0,55340.0,56380.0,56380.0,9000950.0,19405.31640625
2017-11-07,56920.0,55860.0,56380.0,56100.0,7464550.0,19308.943359375
2017-11-08,57060.0,55860.0,56100.0,56760.0,8520200.0,19536.107421875
2017-11-09,56920.0,55900.0,56920.0,56340.0,11994050.0,19391.548828125
2017-11-10,56540.0,55780.0,55800.0,56400.0,6748800.0,19412.201171875
2017-11-13,56800.0,56100.0,56400.0,56380.0,8806650.0,19405.31640625
2017-11-14,56740.0,55920.0,56380.0,55920.0,6725000.0,19246.990234375
2017-11-15,56320.0,55320.0,55920.0,55340.0,8816950.0,19047.361328125
2017-11-17,56880.0,55820.0,56400.0,55820.0,10733150.0,19212.572265625
2017-11-20,55980.0,55200.0,55900.0,55200.0,9472750.0,18999.17578125
2017-11-21,55840.0,55280.0,55400.0,55280.0,10324700.0,19026.7109375
2017-11-22,56200.0,55620.0,55980.0,55960.0,7952950.0,19260.7578125
2017-11-24,55500.0,55180.0,55300.0,55460.0,4536200.0,19088.662109375
2017-11-27,55360.0,52640.0,55360.0,52640.0,18128900.0,18118.052734375
2017-11-28,53280.0,51720.0,52700.0,53280.0,13499400.0,18338.333984375
2017-11-29,53240.0,52500.0,53200.0,52600.0,9590250.0,18104.287109375
2017-11-30,51860.0,50200.0,50800.0,50800.0,29634150.0,17484.748046875
2017-12-01,51780.0,50800.0,50800.0,50840.0,12868600.0,17498.515625
2017-12-04,51340.0,50020.0,50840.0,51340.0,14865050.0,17670.611328125
2017-12-05,51300.0,50280.0,50600.0,51260.0,9326550.0,17643.07421875
2017-12-06,51560.0,50020.0,51260.0,50020.0,10889200.0,17216.283203125
2017-12-07,50980.0,50020.0,50040.0,50740.0,11065600.0,17464.09765625
2017-12-08,52000.0,51040.0,51360.0,52000.0,11290450.0,17897.7734375
2017-12-11,52040.0,51500.0,52000.0,51780.0,8125850.0,17822.052734375
2017-12-12,52100.0,51660.0,51820.0,52100.0,8765050.0,17932.193359375
2017-12-13,52100.0,51100.0,52100.0,51320.0,11333700.0,17663.7265625
2017-12-14,52280.0,51060.0,51320.0,51060.0,20310400.0,17574.236328125
2017-12-15,51480.0,50520.0,51240.0,50620.0,14928550.0,17422.794921875
2017-12-18,51240.0,50620.0,50620.0,51200.0,7350250.0,17622.421875
2017-12-19,52080.0,51520.0,51540.0,51560.0,11978600.0,17746.33203125
2017-12-21,51060.0,49100.0,51000.0,49140.0,15624300.0,16913.396484375
2017-12-22,49960.0,49240.0,49400.0,49700.0,11199650.0,17106.140625
2017-12-26,50100.0,48200.0,49760.0,48200.0,16039850.0,16589.859375
2017-12-27,49560.0,48460.0,48960.0,49360.0,10743600.0,30669.494140625
2017-12-28,50960.0,49500.0,49560.0,50960.0,8985450.0,31663.640625
2018-01-03,52560.0,51420.0,52540.0,51620.0,10013500.0,32073.728515625
2018-01-04,52180.0,50640.0,52120.0,51080.0,11695450.0,31738.205078125
2018-01-05,52120.0,51200.0,51300.0,52120.0,9481150.0,32384.400390625
2018-01-08,52520.0,51500.0,52400.0,52020.0,8383650.0,32322.263671875
2018-01-09,51720.0,49980.0,51460.0,50400.0,18013600.0,31315.69140625
2018-01-10,50520.0,48640.0,50500.0,48840.0,18566800.0,30346.39453125
2018-01-11,49260.0,48020.0,48200.0,48240.0,25123800.0,29973.58984375
2018-01-12,48480.0,46760.0,48240.0,48200.0,27270450.0,29948.732421875
2018-01-15,48980.0,47920.0,48800.0,48540.0,10096000.0,30159.9921875
2018-01-16,50140.0,48620.0,48760.0,50000.0,20389650.0,31067.154296875
2018-01-17,50020.0,49060.0,50020.0,49620.0,11053050.0,30831.041015625
2018-01-18,50640.0,49820.0,50020.0,49900.0,14848850.0,31005.017578125
2018-01-19,50380.0,49040.0,50380.0,49320.0,9219950.0,30644.640625
2018-01-22,48680.0,47960.0,48640.0,48240.0,12520900.0,29973.58984375
2018-01-23,49160.0,48300.0,48660.0,49160.0,13532700.0,30545.224609375
2018-01-24,49700.0,48560.0,48860.0,49340.0,9550500.0,30657.06640625
2018-01-25,50360.0,49160.0,49220.0,50260.0,11160350.0,31228.701171875
2018-01-26,50780.0,49840.0,50500.0,50780.0,10350100.0,31551.798828125
2018-01-29,51480.0,50900.0,51200.0,51220.0,11838800.0,31825.193359375
2018-01-30,50640.0,49780.0,50440.0,49800.0,12284550.0,30942.8828125
2018-01-31,54140.0,49600.0,50020.0,49900.0,64681300.0,31005.017578125
2018-02-01,50960.0,49720.0,50620.0,49820.0,27609450.0,30955.3125
2018-02-02,49400.0,47700.0,49380.0,47700.0,29260350.0,29638.0625
2018-02-05,48320.0,46000.0,46500.0,47920.0,28357900.0,29774.759765625
2018-02-06,47920.0,46580.0,46600.0,47420.0,19406450.0,29464.087890625
2018-02-07,48260.0,45800.0,48240.0,45800.0,23448050.0,28457.51171875
2018-02-08,46620.0,45980.0,46120.0,46000.0,23251050.0,28581.779296875
2018-02-09,45180.0,44420.0,44440.0,44700.0,17465000.0,27774.033203125
2018-02-12,46320.0,45040.0,45100.0,45720.0,15754950.0,28407.8046875
2018-02-13,48060.0,46200.0,46200.0,47540.0,18923250.0,29538.646484375
2018-02-14,49100.0,47940.0,48080.0,49000.0,18905900.0,30445.810546875
2018-02-19,49800.0,47860.0,49800.0,48380.0,15353450.0,30060.576171875
2018-02-20,48160.0,47220.0,48040.0,47400.0,10122600.0,29451.66015625
2018-02-21,47580.0,46840.0,47280.0,47280.0,12880200.0,29377.09765625
2018-02-22,47260.0,46760.0,47260.0,46760.0,8869950.0,29054.001953125
2018-02-23,47800.0,46760.0,46760.0,47220.0,12423300.0,29339.8203125
2018-02-26,47560.0,47080.0,47280.0,47380.0,9560650.0,29439.232421875
2018-02-27,48380.0,47380.0,48360.0,47380.0,9830550.0,29439.232421875
2018-02-28,48100.0,47000.0,47380.0,47060.0,15162350.0,29240.404296875
2018-03-02,46800.0,46000.0,46580.0,46020.0,13265500.0,28594.20703125
2018-03-05,46160.0,45080.0,45820.0,45200.0,14100950.0,28084.70703125
2018-03-06,47100.0,45820.0,45920.0,47020.0,15423350.0,29215.55078125
2018-03-07,48900.0,47220.0,48200.0,48620.0,21427050.0,30209.701171875
2018-03-08,49480.0,48080.0,49200.0,49200.0,19463650.0,30570.078125
2018-03-09,50540.0,49240.0,49440.0,49740.0,14304400.0,30905.6015625
2018-03-12,50780.0,49580.0,50560.0,49740.0,8688950.0,30905.6015625
2018-03-13,51660.0,50360.0,50760.0,51660.0,20098700.0,32098.58203125
2018-03-14,52000.0,51000.0,51020.0,51760.0,12713250.0,32160.716796875
2018-03-15,52020.0,51020.0,52000.0,51540.0,8882450.0,32024.01953125
2018-03-16,51420.0,50240.0,51220.0,51140.0,12184900.0,31775.482421875
2018-03-19,51340.0,50440.0,50620.0,50740.0,8218850.0,31526.947265625
2018-03-20,51200.0,50100.0,50700.0,51200.0,8193250.0,31812.765625
2018-03-21,51780.0,51060.0,51780.0,51060.0,8905200.0,31725.77734375
2018-03-22,51780.0,51040.0,51060.0,51780.0,8454100.0,32173.14453125
2018-03-23,50720.0,49600.0,50340.0,49720.0,14854950.0,30893.17578125
2018-03-26,50280.0,49040.0,49420.0,50280.0,10057750.0,31241.12890625
2018-03-27,50460.0,49080.0,50320.0,49980.0,11874000.0,31054.7265625
2018-03-28,49100.0,48340.0,49100.0,48700.0,15159450.0,30259.40625
2018-03-29,49560.0,48320.0,48700.0,49040.0,10067000.0,47868.42578125
2018-03-30,49900.0,49080.0,49080.0,49220.0,7777100.0,48044.12890625
2018-04-02,49220.0,48500.0,49000.0,48540.0,7115650.0,47380.375
2018-04-03,48140.0,47280.0,47880.0,48120.0,12768250.0,46970.40625
2018-04-04,48260.0,46920.0,48160.0,46920.0,12384200.0,45799.07421875
2018-04-05,49380.0,47340.0,47400.0,48740.0,13245600.0,47575.59375
2018-04-06,48580.0,47400.0,48000.0,48400.0,12532700.0,47243.71875
2018-04-09,49440.0,48200.0,48260.0,49200.0,9950400.0,48024.60546875
2018-04-10,49220.0,48040.0,48540.0,48880.0,10984350.0,47712.25390625
2018-04-11,49900.0,48600.0,49900.0,48860.0,10051100.0,47692.73046875
2018-04-12,49440.0,48880.0,49440.0,49000.0,12466250.0,47829.38671875
2018-04-13,50180.0,49400.0,49600.0,49800.0,10278300.0,48610.26953125
2018-04-16,50600.0,49860.0,50320.0,50340.0,7877450.0,49137.37109375
2018-04-17,50540.0,49820.0,50240.0,49980.0,7772000.0,48785.97265625
2018-04-18,51360.0,50580.0,51000.0,51360.0,13462600.0,50133.0
2018-04-19,52980.0,51540.0,52000.0,52780.0,17190550.0,51519.078125
2018-04-20,52260.0,51420.0,51800.0,51620.0,11761000.0,50386.79296875
2018-04-23,52080.0,51000.0,51000.0,51900.0,11619000.0,50660.10546875
2018-04-24,51860.0,50080.0,51840.0,50460.0,15770300.0,49254.50390625
2018-04-25,50500.0,49220.0,49220.0,50400.0,16614600.0,49195.94140625
2018-04-26,52160.0,50400.0,50420.0,52140.0,18046550.0,50894.37109375
2018-04-27,53640.0,52440.0,53380.0,53000.0,30310800.0,51733.82421875
2018-04-30,53000.0,53000.0,53000.0,53000.0,0.0,51733.82421875
2018-05-02,53000.0,53000.0,53000.0,53000.0,0.0,51733.82421875
2018-05-03,53000.0,53000.0,53000.0,53000.0,0.0,51733.82421875
2018-05-04,53900.0,51800.0,53000.0,51900.0,39565391.0,50660.10546875
2018-05-08,53200.0,51900.0,52600.0,52600.0,23104720.0,51343.3828125
2018-05-09,52800.0,50900.0,52600.0,50900.0,16128305.0,49683.9921875
2018-05-10,51700.0,50600.0,51700.0,51600.0,13905263.0,50367.26953125
2018-05-11,52200.0,51200.0,52000.0,51300.0,10314997.0,50074.4375
2018-05-14,51100.0,49900.0,51000.0,50100.0,14909272.0,48903.10546875
2018-05-15,50400.0,49100.0,50200.0,49200.0,18709146.0,48024.60546875
2018-05-16,50200.0,49150.0,49200.0,49850.0,15918683.0,48659.078125
2018-05-17,50500.0,49400.0,50300.0,49400.0,10365440.0,48219.828125
2018-05-18,49900.0,49350.0,49900.0,49500.0,6706570.0,48317.4375
2018-05-21,50200.0,49100.0,49650.0,50000.0,9020998.0,48805.49609375
2018-05-23,52000.0,50400.0,50600.0,51800.0,17095490.0,50562.4921875
2018-05-24,52000.0,51100.0,52000.0,51400.0,8289275.0,50172.05078125
2018-05-25,52800.0,50800.0,51000.0,52700.0,15207266.0,51440.9921875
2018-05-28,53000.0,52000.0,52500.0,52300.0,9787820.0,51050.546875
2018-05-29,52500.0,51300.0,52200.0,51300.0,8480437.0,50074.4375
2018-05-30,51500.0,49100.0,51300.0,49500.0,20498098.0,48317.4375
2018-05-31,50800.0,49850.0,50400.0,50700.0,63491109.0,49488.7734375
2018-06-01,51700.0,49950.0,50500.0,51300.0,13038499.0,50074.4375
2018-06-04,51200.0,50700.0,50800.0,51100.0,9767171.0,49879.21484375
2018-06-05,51400.0,50400.0,51100.0,51300.0,9144100.0,50074.4375
2018-06-07,51800.0,50500.0,51800.0,50600.0,13590016.0,49391.16015625
2018-06-08,50400.0,49600.0,50200.0,49650.0,16951706.0,48463.859375
2018-06-11,50300.0,49350.0,49750.0,49900.0,10571312.0,48707.8828125
2018-06-12,49800.0,49250.0,49700.0,49400.0,12110569.0,48219.828125
2018-06-14,49000.0,48200.0,49000.0,48200.0,20971729.0,47048.4921875
2018-06-15,48700.0,47650.0,48500.0,47650.0,17080892.0,46511.63671875
2018-06-18,47650.0,46200.0,47600.0,46600.0,16661870.0,45486.71875
2018-06-19,47350.0,46500.0,47200.0,47000.0,15217971.0,45877.1640625
2018-06-20,47600.0,46850.0,47450.0,47000.0,12959316.0,45877.1640625
2018-06-21,47900.0,47050.0,47900.0,47050.0,10015541.0,45925.97265625
2018-06-22,47250.0,46200.0,47000.0,47250.0,10298006.0,46121.19140625
2018-06-25,47050.0,46150.0,47050.0,46650.0,10587711.0,45535.5234375
2018-06-26,47300.0,45900.0,45900.0,47000.0,11223166.0,45877.1640625
2018-06-27,48500.0,47000.0,47450.0,47950.0,15274752.0,46804.46875
2018-06-28,47150.0,46600.0,46850.0,46800.0,12784800.0,46021.70703125
2018-06-29,47150.0,46200.0,46250.0,46650.0,14099635.0,45874.19921875
2018-07-02,47150.0,45500.0,46500.0,45550.0,13112253.0,44792.49609375
2018-07-03,46450.0,45750.0,45750.0,46150.0,10959655.0,45382.515625
2018-07-04,47050.0,46050.0,46700.0,46250.0,8776763.0,45480.8515625
2018-07-05,46550.0,45600.0,46100.0,45950.0,7039773.0,45185.83984375
2018-07-06,45850.0,44650.0,45500.0,44900.0,17843706.0,44153.3046875
2018-07-09,46100.0,45200.0,45500.0,45600.0,11602464.0,44841.66015625
2018-07-10,46550.0,46100.0,46200.0,46300.0,10528665.0,45530.01953125
2018-07-11,46450.0,45400.0,46400.0,46000.0,11224077.0,45235.01171875
2018-07-12,46250.0,45450.0,45900.0,45500.0,11828104.0,44743.328125
2018-07-13,46500.0,45750.0,45800.0,46500.0,11543389.0,45726.6953125
2018-07-16,46800.0,46000.0,46800.0,46050.0,7678719.0,45284.1796875
2018-07-17,46200.0,45600.0,46150.0,45850.0,8892953.0,45087.5078125
2018-07-18,47200.0,46450.0,46700.0,46550.0,10952645.0,45775.86328125
2018-07-19,47200.0,46600.0,47050.0,46900.0,9880128.0,46120.04296875
2018-07-20,47600.0,46700.0,47000.0,47450.0,10474547.0,46660.8984375
2018-07-23,47200.0,46150.0,47100.0,46500.0,10823782.0,45726.6953125
2018-07-24,46600.0,45950.0,46350.0,46150.0,8261363.0,45382.515625
2018-07-25,46550.0,45900.0,46250.0,46150.0,7222471.0,45382.515625
2018-07-26,47000.0,46000.0,46100.0,46900.0,7374946.0,46120.04296875
2018-07-27,47000.0,46450.0,46450.0,46900.0,4762460.0,46120.04296875
2018-07-30,46800.0,46350.0,46550.0,46500.0,5723035.0,45726.6953125
2018-07-31,46450.0,46000.0,46200.0,46250.0,8033607.0,45480.8515625
2018-08-01,46850.0,46050.0,46050.0,46550.0,7484499.0,45775.86328125
2018-08-02,46800.0,45500.0,46550.0,45550.0,8560924.0,44792.49609375
2018-08-03,45900.0,45450.0,45850.0,45750.0,8274944.0,44989.16796875
2018-08-06,46150.0,45750.0,46150.0,45800.0,6771979.0,45038.3359375
2018-08-07,46750.0,45900.0,46300.0,46700.0,9058174.0,45923.37109375
2018-08-08,47000.0,46550.0,47000.0,46800.0,6429338.0,46021.70703125
2018-08-09,47050.0,46450.0,47000.0,46900.0,12010886.0,46120.04296875
2018-08-10,46400.0,44850.0,46150.0,45400.0,16670643.0,44644.98828125
2018-08-13,45100.0,44650.0,44950.0,45050.0,9803831.0,44300.80859375
2018-08-14,45400.0,44850.0,44850.0,45150.0,6409259.0,44399.1484375
2018-08-16,44650.0,43700.0,43800.0,44250.0,10088229.0,43514.1171875
2018-08-17,44400.0,44050.0,44050.0,44100.0,6808747.0,43366.609375
2018-08-20,44200.0,43500.0,43500.0,43850.0,7289124.0,43120.765625
2018-08-21,44900.0,43700.0,43700.0,44800.0,9520270.0,44054.96875
2018-08-22,46200.0,44900.0,45150.0,46100.0,11641656.0,45333.34765625
2018-08-23,46200.0,45700.0,46150.0,46200.0,6730918.0,45431.6875
2018-08-24,46400.0,45550.0,45900.0,46150.0,6582535.0,45382.515625
2018-08-27,46550.0,46000.0,46100.0,46300.0,5263782.0,45530.01953125
2018-08-28,46950.0,46300.0,46800.0,46550.0,7365976.0,45775.86328125
2018-08-29,46800.0,46400.0,46750.0,46800.0,5572374.0,46021.70703125
2018-08-30,47950.0,46700.0,46950.0,47650.0,12193231.0,46857.5703125
2018-08-31,48450.0,47000.0,47100.0,48450.0,13577454.0,47644.26953125
2018-09-03,48300.0,47300.0,48200.0,47450.0,8595084.0,46660.8984375
2018-09-04,47800.0,47200.0,47550.0,47650.0,6791255.0,46857.5703125
2018-09-05,47450.0,46400.0,47300.0,46600.0,9139998.0,45825.03125
2018-09-06,46400.0,45800.0,46200.0,46100.0,9040553.0,45333.34765625
2018-09-07,45200.0,44400.0,44500.0,44900.0,18285508.0,44153.3046875
2018-09-10,45550.0,45000.0,45450.0,45500.0,9979838.0,44743.328125
2018-09-11,45900.0,45050.0,45550.0,45050.0,9865790.0,44300.80859375
2018-09-12,45100.0,44500.0,44900.0,44550.0,12995269.0,43809.125
2018-09-13,44750.0,44000.0,44550.0,44050.0,18277942.0,43317.4375
2018-09-14,45850.0,44900.0,45000.0,45850.0,12446344.0,45087.5078125
2018-09-17,45800.0,44900.0,45550.0,45150.0,8123384.0,44399.1484375
2018-09-18,45900.0,44700.0,44950.0,45500.0,9987090.0,44743.328125
2018-09-19,46200.0,45700.0,46000.0,46150.0,9367454.0,45382.515625
2018-09-20,47600.0,46400.0,46850.0,47250.0,13536966.0,46464.22265625
2018-09-21,47550.0,46550.0,46550.0,47400.0,14476906.0,46611.73046875
2018-09-27,47500.0,46450.0,46950.0,47500.0,15804586.0,47061.5390625
2018-09-28,47250.0,46300.0,47250.0,46450.0,11270515.0,46021.23046875
2018-10-01,46800.0,45800.0,46450.0,46350.0,6354983.0,45922.15234375
2018-10-02,46700.0,45700.0,46450.0,45700.0,6607188.0,45278.15234375
2018-10-04,45600.0,44700.0,45150.0,44700.0,11865327.0,44287.3828125
2018-10-05,45500.0,44550.0,44800.0,44700.0,10544165.0,44287.3828125
2018-10-08,45200.0,44200.0,44200.0,44950.0,6759464.0,44535.07421875
2018-10-10,45500.0,44500.0,45250.0,45300.0,10341349.0,44881.84375
2018-10-11,44650.0,43100.0,44000.0,43100.0,19324537.0,42702.15234375
2018-10-12,44650.0,43200.0,43200.0,44000.0,12640906.0,43593.84375
2018-10-15,44050.0,43350.0,44050.0,43800.0,7434522.0,43395.69140625
2018-10-16,44150.0,43350.0,43700.0,43600.0,6825677.0,43197.5390625
2018-10-17,44500.0,44000.0,44150.0,44150.0,8306193.0,43742.4609375
2018-10-18,44450.0,43700.0,43950.0,44050.0,8347725.0,43643.3828125
2018-10-19,44150.0,43450.0,43900.0,43900.0,7842520.0,43494.76953125
2018-10-22,43950.0,43200.0,43450.0,43550.0,8357648.0,43148.0
2018-10-23,43450.0,42550.0,43300.0,43050.0,9531231.0,42652.61328125
2018-10-24,43100.0,42250.0,43050.0,42550.0,13522825.0,42157.23046875
2018-10-25,41550.0,40550.0,40600.0,41000.0,19338170.0,40621.5390625
2018-10-26,41300.0,40400.0,41100.0,41000.0,14413864.0,40621.5390625
2018-10-29,41950.0,40550.0,40850.0,41400.0,14460521.0,41017.84375
2018-10-30,43000.0,41000.0,41400.0,42350.0,14205190.0,41959.07421875
2018-10-31,43350.0,41700.0,42900.0,42400.0,17621480.0,42008.61328125
2018-11-01,42950.0,42150.0,42450.0,42150.0,13423132.0,41760.921875
2018-11-02,44250.0,42800.0,43050.0,44150.0,16517112.0,43742.4609375
2018-11-05,43800.0,42900.0,43750.0,43800.0,9426777.0,43395.69140625
2018-11-06,43800.0,42950.0,43750.0,43750.0,7713625.0,43346.15234375
2018-11-07,44500.0,43400.0,43600.0,44000.0,11553998.0,43593.84375
2018-11-08,45050.0,44050.0,44900.0,44050.0,12617397.0,43643.3828125
2018-11-09,44850.0,43900.0,44450.0,44300.0,7318500.0,43891.07421875
2018-11-12,45250.0,43700.0,43850.0,45200.0,8552566.0,44782.76953125
2018-11-13,44500.0,43400.0,43900.0,44500.0,9311126.0,44089.23046875
2018-11-14,44500.0,43800.0,44500.0,44100.0,6783344.0,43692.921875
2018-11-16,44750.0,43700.0,44600.0,44000.0,7777124.0,43593.84375
2018-11-19,44250.0,43450.0,44050.0,43650.0,7538720.0,43247.07421875
2018-11-20,43000.0,42100.0,42450.0,42800.0,9420664.0,42404.921875
2018-11-21,42300.0,41800.0,41800.0,42100.0,10769589.0,41711.3828125
2018-11-22,42650.0,42000.0,42000.0,42450.0,5970796.0,42058.15234375
2018-11-23,42600.0,41900.0,42450.0,42400.0,5192638.0,42008.61328125
2018-11-26,42800.0,42100.0,42150.0,42600.0,6613009.0,42206.76953125
2018-11-27,43100.0,42500.0,42900.0,43050.0,8367091.0,42652.61328125
2018-11-28,43200.0,42750.0,42800.0,43150.0,6943099.0,42751.69140625
2018-11-29,43850.0,42900.0,43850.0,43150.0,8473511.0,42751.69140625
2018-11-30,44000.0,41750.0,43450.0,41850.0,19775519.0,41463.69140625
2018-12-03,43400.0,42400.0,42750.0,43250.0,12110702.0,42850.76953125
2018-12-04,42900.0,41900.0,42650.0,42150.0,14347746.0,41760.921875
2018-12-05,41750.0,40850.0,40900.0,41450.0,12631983.0,41067.3828125
2018-12-06,41100.0,40450.0,40600.0,40500.0,14251826.0,40126.15234375
2018-12-07,41400.0,40850.0,40900.0,40950.0,11433083.0,40572.0
2018-12-10,40650.0,40000.0,40450.0,40200.0,14892263.0,39828.921875
2018-12-11,40700.0,40200.0,40600.0,40250.0,10638766.0,39878.4609375
2018-12-12,40700.0,40150.0,40250.0,40450.0,12024279.0,40076.61328125
2018-12-13,40750.0,40000.0,40650.0,40000.0,26254646.0,39630.76953125
2018-12-14,40200.0,38700.0,40200.0,38950.0,19671783.0,38590.4609375
2018-12-17,39600.0,38650.0,38650.0,39150.0,11532968.0,38788.61328125
2018-12-18,39200.0,38300.0,38300.0,38900.0,11042101.0,38540.921875
2018-12-19,39350.0,38850.0,38900.0,39100.0,9942037.0,38739.07421875
2018-12-20,39100.0,38500.0,38600.0,38650.0,11937617.0,38293.23046875
2018-12-21,38650.0,38100.0,38200.0,38650.0,14947080.0,38293.23046875
2018-12-24,39050.0,38300.0,38500.0,38800.0,9729530.0,38441.84375
2018-12-26,38750.0,38300.0,38400.0,38350.0,12707675.0,37996.0
2018-12-27,38800.0,38100.0,38700.0,38250.0,10510643.0,38250.0
2018-12-28,38900.0,38200.0,38250.0,38700.0,9900267.0,38700.0
2019-01-02,39400.0,38550.0,39400.0,38750.0,7847664.0,38750.0
2019-01-03,38550.0,37450.0,38300.0,37600.0,12471493.0,37600.0
2019-01-04,37600.0,36850.0,37450.0,37450.0,14108958.0,37450.0
2019-01-07,38900.0,37800.0,38000.0,38750.0,12748997.0,38750.0
2019-01-08,39200.0,37950.0,38000.0,38100.0,12756554.0,38100.0
2019-01-09,39600.0,38300.0,38650.0,39600.0,17452708.0,39600.0
2019-01-10,40150.0,39600.0,40000.0,39800.0,14731699.0,39800.0
2019-01-11,40550.0,39950.0,40350.0,40500.0,11661063.0,40500.0
2019-01-14,40700.0,39850.0,40450.0,40050.0,11984996.0,40050.0
2019-01-15,41100.0,39850.0,40050.0,41100.0,11492756.0,41100.0
2019-01-16,41450.0,40700.0,41150.0,41450.0,8491595.0,41450.0
2019-01-17,42100.0,41450.0,41700.0,41950.0,11736903.0,41950.0
2019-01-18,42400.0,41950.0,42000.0,42300.0,11029256.0,42300.0
2019-01-21,42750.0,41900.0,42700.0,42750.0,11355701.0,42750.0
2019-01-22,42850.0,41850.0,42750.0,42150.0,9964356.0,42150.0
2019-01-23,42250.0,41350.0,41350.0,42000.0,11071079.0,42000.0
2019-01-24,43100.0,42350.0,43050.0,43050.0,14747623.0,43050.0
2019-01-25,44750.0,43750.0,44300.0,44750.0,22789395.0,44750.0
2019-01-28,45500.0,44600.0,45000.0,45050.0,17998914.0,45050.0
2019-01-29,45500.0,44350.0,45050.0,45500.0,16215017.0,45500.0
2019-01-30,46400.0,44800.0,44800.0,46400.0,17505980.0,46400.0
2019-01-31,47050.0,46150.0,46650.0,46150.0,21621145.0,46150.0
2019-02-01,46950.0,46250.0,46650.0,46350.0,13832454.0,46350.0
2019-02-07,47100.0,46200.0,46800.0,46200.0,15872001.0,46200.0
2019-02-08,45700.0,44650.0,45700.0,44800.0,12689196.0,44800.0
2019-02-11,45000.0,44250.0,44500.0,45000.0,11125044.0,45000.0
2019-02-12,46250.0,44650.0,44650.0,46050.0,13184367.0,46050.0
2019-02-13,46700.0,46000.0,46400.0,46200.0,11299738.0,46200.0
2019-02-14,47500.0,46150.0,46600.0,47500.0,17259341.0,47500.0
2019-02-15,46850.0,45650.0,46750.0,46050.0,10554643.0,46050.0
2019-02-18,46850.0,45850.0,46500.0,46200.0,8183728.0,46200.0
2019-02-19,46150.0,45450.0,45850.0,45950.0,6741395.0,45950.0
2019-02-20,47100.0,46500.0,46750.0,46900.0,11506720.0,46900.0
2019-02-21,47200.0,46200.0,46500.0,46950.0,8694009.0,46950.0
2019-02-22,47150.0,46450.0,46500.0,47150.0,6895772.0,47150.0
2019-02-25,47550.0,47050.0,47400.0,47350.0,7484716.0,47350.0
2019-02-26,47450.0,46500.0,47350.0,46750.0,7985547.0,46750.0
2019-02-27,47250.0,46750.0,47000.0,46750.0,8045211.0,46750.0
2019-02-28,46500.0,45100.0,46400.0,45100.0,23569321.0,45100.0
2019-03-04,46100.0,44800.0,46000.0,44850.0,12926539.0,44850.0
2019-03-05,45100.0,44150.0,44600.0,44250.0,10612405.0,44250.0
2019-03-06,44300.0,43700.0,44000.0,44000.0,10202544.0,44000.0
2019-03-07,44950.0,43400.0,43400.0,44450.0,11049749.0,44450.0
2019-03-08,44800.0,43800.0,44450.0,43800.0,7729069.0,43800.0
2019-03-11,44450.0,43650.0,44400.0,43650.0,10717408.0,43650.0
2019-03-12,44950.0,44150.0,44300.0,44650.0,11431977.0,44650.0
2019-03-13,44450.0,43700.0,44250.0,43850.0,8108343.0,43850.0
2019-03-14,44300.0,43550.0,43700.0,43850.0,18039161.0,43850.0
2019-03-15,44250.0,43700.0,43800.0,44200.0,16814163.0,44200.0
2019-03-18,44150.0,43450.0,43950.0,43700.0,8188876.0,43700.0
2019-03-19,43900.0,43550.0,43750.0,43900.0,7609563.0,43900.0
2019-03-20,44200.0,43100.0,43800.0,44050.0,9846242.0,44050.0
2019-03-21,46250.0,44050.0,44600.0,45850.0,21138016.0,45850.0
2019-03-22,47000.0,46250.0,46850.0,46550.0,12535911.0,46550.0
2019-03-25,45650.0,44800.0,45300.0,45500.0,8699728.0,45500.0
2019-03-26,45700.0,44900.0,45500.0,45250.0,9729811.0,45250.0
2019-03-27,45600.0,44250.0,44750.0,45350.0,9568081.0,45350.0
2019-03-28,45200.0,44300.0,44950.0,44850.0,6821306.0,44850.0
2019-03-29,44900.0,44200.0,44500.0,44650.0,11491713.0,44650.0
2019-04-01,45450.0,44850.0,45200.0,45050.0,7362129.0,45050.0
2019-04-02,46100.0,45350.0,45550.0,45750.0,9480688.0,45750.0
2019-04-03,46750.0,45800.0,46750.0,46600.0,12436570.0,46600.0
2019-04-04,47100.0,46150.0,46150.0,46950.0,12650168.0,46950.0
2019-04-05,47550.0,46600.0,46950.0,46850.0,8546339.0,46850.0
2019-04-08,47250.0,46150.0,47250.0,46650.0,8507909.0,46650.0
2019-04-09,46950.0,46200.0,46700.0,46650.0,6878761.0,46650.0
2019-04-10,46700.0,46050.0,46400.0,46700.0,11883995.0,46700.0
2019-04-11,46800.0,46150.0,46700.0,46250.0,13697399.0,46250.0
2019-04-12,46900.0,46000.0,46050.0,46850.0,7668936.0,46850.0
2019-04-15,47500.0,47000.0,47150.0,47050.0,8733019.0,47050.0
2019-04-16,47400.0,46800.0,47400.0,47250.0,7730881.0,47250.0
2019-04-17,47600.0,47000.0,47300.0,47050.0,5513658.0,47050.0
2019-04-18,47250.0,45500.0,47200.0,45600.0,12808747.0,45600.0
2019-04-19,46000.0,45250.0,45750.0,45300.0,8479710.0,45300.0
2019-04-22,45900.0,45100.0,45400.0,45350.0,6006957.0,45350.0
2019-04-23,45500.0,45000.0,45050.0,45200.0,6920566.0,45200.0
2019-04-24,45650.0,44150.0,45400.0,44750.0,13299267.0,44750.0
2019-04-25,45000.0,44100.0,44250.0,44650.0,10868965.0,44650.0
2019-04-26,45000.0,43800.0,44200.0,44850.0,9739982.0,44850.0
2019-04-29,46150.0,45100.0,45150.0,46150.0,8777517.0,46150.0
2019-04-30,46300.0,45350.0,46000.0,45850.0,11121273.0,45850.0
2019-05-02,46150.0,45400.0,45500.0,45900.0,8625126.0,45900.0
2019-05-03,46050.0,45300.0,45900.0,45300.0,6562916.0,45300.0
2019-05-07,45300.0,44400.0,45250.0,44850.0,12014907.0,44850.0
2019-05-08,44850.0,44200.0,44300.0,44250.0,10398754.0,44250.0
2019-05-09,44250.0,42450.0,43900.0,42450.0,23029718.0,42450.0
2019-05-10,43450.0,42450.0,42600.0,42900.0,14579512.0,42900.0
2019-05-13,43200.0,42350.0,42500.0,42650.0,7635079.0,42650.0
2019-05-14,43100.0,41300.0,41300.0,42650.0,11563730.0,42650.0
2019-05-15,43050.0,42550.0,42700.0,42550.0,7670185.0,42550.0
2019-05-16,42400.0,41350.0,42350.0,41550.0,13687828.0,41550.0
2019-05-17,42050.0,40850.0,41950.0,41200.0,13357951.0,41200.0
2019-05-20,42100.0,41550.0,41650.0,42000.0,15752397.0,42000.0
2019-05-21,43950.0,42350.0,42600.0,43150.0,18812133.0,43150.0
2019-05-22,43800.0,42400.0,43700.0,43500.0,11033339.0,43500.0
2019-05-23,44000.0,43250.0,43900.0,43850.0,12259006.0,43850.0
2019-05-24,43800.0,42400.0,43800.0,42700.0,13966305.0,42700.0
2019-05-27,43000.0,42350.0,42500.0,42650.0,8066669.0,42650.0
2019-05-28,42950.0,42150.0,42550.0,42550.0,24506881.0,42550.0
2019-05-29,42100.0,41300.0,41850.0,41800.0,14930618.0,41800.0
2019-05-30,42700.0,42150.0,42200.0,42550.0,11766018.0,42550.0
2019-05-31,42800.0,42150.0,42600.0,42500.0,11365999.0,42500.0
2019-06-03,43900.0,42500.0,42950.0,43800.0,15466580.0,43800.0
2019-06-04,43700.0,43000.0,43400.0,43450.0,9913497.0,43450.0
2019-06-05,44200.0,43700.0,44050.0,43900.0,12464135.0,43900.0
2019-06-07,44350.0,43450.0,43600.0,44200.0,11683682.0,44200.0
2019-06-10,44850.0,44050.0,44300.0,44800.0,8792182.0,44800.0
2019-06-11,45000.0,44550.0,44800.0,44850.0,6664872.0,44850.0
2019-06-12,45050.0,44300.0,44800.0,44600.0,8607439.0,44600.0
2019-06-13,44400.0,43400.0,44200.0,43750.0,16906541.0,43750.0
2019-06-14,44150.0,43300.0,43750.0,44000.0,9322873.0,44000.0
2019-06-17,44050.0,43400.0,43750.0,43900.0,11890424.0,43900.0
2019-06-18,44500.0,43650.0,43750.0,44350.0,7994928.0,44350.0
2019-06-19,45450.0,45000.0,45450.0,45350.0,10417690.0,45350.0
2019-06-20,45500.0,44850.0,44850.0,45500.0,7147785.0,45500.0
2019-06-21,45800.0,45200.0,45750.0,45700.0,9454913.0,45700.0
2019-06-24,45800.0,45200.0,45200.0,45500.0,6085066.0,45500.0
2019-06-25,45800.0,45200.0,45200.0,45600.0,7076774.0,45600.0
2019-06-26,46000.0,45600.0,45800.0,45700.0,9226097.0,45700.0
2019-06-27,46600.0,45750.0,46000.0,46500.0,12603534.0,46500.0
2019-06-28,47000.0,46700.0,47000.0,47000.0,12949231.0,47000.0
2019-07-01,47400.0,46250.0,47350.0,46600.0,11383522.0,46600.0
2019-07-02,46900.0,45850.0,46200.0,46250.0,8463073.0,46250.0
2019-07-03,46350.0,45200.0,45750.0,45400.0,9669368.0,45400.0
2019-07-04,46200.0,45250.0,45250.0,46000.0,6365573.0,46000.0
2019-07-05,45950.0,45250.0,45950.0,45650.0,7235395.0,45650.0
2019-07-08,44800.0,44350.0,44750.0,44400.0,7823843.0,44400.0
2019-07-09,45450.0,44700.0,44850.0,45100.0,7646421.0,45100.0
2019-07-10,46150.0,45500.0,45550.0,45550.0,9253930.0,45550.0
2019-07-11,46550.0,46150.0,46350.0,46200.0,10989751.0,46200.0
2019-07-12,46400.0,45800.0,46350.0,46300.0,5245804.0,46300.0
2019-07-15,46650.0,45750.0,45950.0,46450.0,4717226.0,46450.0
2019-07-16,46850.0,46300.0,46450.0,46850.0,7407824.0,46850.0
2019-07-17,46350.0,45950.0,46150.0,46050.0,5216602.0,46050.0
2019-07-18,46450.0,45650.0,46450.0,46100.0,5143554.0,46100.0
2019-07-19,46950.0,46600.0,46650.0,46800.0,8819393.0,46800.0
2019-07-22,47300.0,46600.0,46800.0,47200.0,9009109.0,47200.0
2019-07-23,47550.0,47050.0,47350.0,47300.0,9061381.0,47300.0
2019-07-24,47150.0,46250.0,47100.0,46400.0,8756522.0,46400.0
2019-07-25,47200.0,46600.0,47150.0,47200.0,8408838.0,47200.0
2019-07-26,47150.0,46550.0,46650.0,47150.0,7873886.0,47150.0
2019-07-29,47050.0,46000.0,46800.0,46100.0,6856846.0,46100.0
2019-07-30,46850.0,46300.0,46300.0,46550.0,5551014.0,46550.0
2019-07-31,46600.0,45000.0,46200.0,45350.0,12872916.0,45350.0
2019-08-01,45500.0,44850.0,44900.0,45200.0,7811181.0,45200.0
2019-08-02,45500.0,44300.0,44550.0,44950.0,12151374.0,44950.0
2019-08-05,44600.0,43600.0,44350.0,43950.0,14214086.0,43950.0
2019-08-06,43800.0,42500.0,42500.0,43500.0,15083824.0,43500.0
2019-08-07,43900.0,43100.0,43600.0,43200.0,10002533.0,43200.0
2019-08-08,43500.0,42650.0,43250.0,42650.0,16926881.0,42650.0
2019-08-09,43350.0,43050.0,43250.0,43150.0,9685147.0,43150.0
2019-08-12,44000.0,43550.0,44000.0,43700.0,8466169.0,43700.0
2019-08-13,43500.0,42950.0,43500.0,43000.0,7276979.0,43000.0
2019-08-14,44250.0,43500.0,43900.0,43700.0,8750135.0,43700.0
2019-08-16,43900.0,43300.0,43800.0,43900.0,9528115.0,43900.0
2019-08-19,44350.0,43500.0,44350.0,43600.0,6014218.0,43600.0
2019-08-20,44600.0,43550.0,43950.0,44450.0,8434205.0,44450.0
2019-08-21,44800.0,44150.0,44350.0,44500.0,6571717.0,44500.0
2019-08-22,44700.0,43850.0,44500.0,44050.0,8061177.0,44050.0
2019-08-23,44200.0,43650.0,43800.0,43950.0,5017381.0,43950.0
2019-08-26,43800.0,42950.0,43050.0,43600.0,7954949.0,43600.0
2019-08-27,44200.0,43600.0,43650.0,44050.0,16883932.0,44050.0
2019-08-28,44400.0,43750.0,44100.0,44150.0,5758333.0,44150.0
2019-08-29,44200.0,43050.0,44200.0,43400.0,10768862.0,43400.0
2019-08-30,44300.0,43750.0,43750.0,44000.0,9899073.0,44000.0
2019-09-02,44850.0,43650.0,44850.0,43800.0,7185537.0,43800.0
2019-09-03,43650.0,43100.0,43550.0,43250.0,9774941.0,43250.0
2019-09-04,44100.0,43150.0,43250.0,44100.0,12441837.0,44100.0
2019-09-05,46100.0,44450.0,44800.0,45700.0,18297430.0,45700.0
2019-09-06,46500.0,45850.0,46500.0,46300.0,9896562.0,46300.0
2019-09-09,47000.0,46300.0,46450.0,46900.0,9434157.0,46900.0
2019-09-10,47200.0,46550.0,47100.0,47000.0,9231792.0,47000.0
2019-09-11,47400.0,46800.0,47300.0,47150.0,16141619.0,47150.0
2019-09-16,47100.0,46400.0,47000.0,47100.0,15550926.0,47100.0
2019-09-17,47100.0,46800.0,47000.0,46900.0,7006280.0,46900.0
2019-09-18,47700.0,46800.0,46900.0,47700.0,10413027.0,47700.0
2019-09-19,49200.0,47850.0,48050.0,49150.0,16461413.0,49150.0
2019-09-20,49600.0,49100.0,49400.0,49200.0,15460210.0,49200.0
2019-09-23,49300.0,49000.0,49250.0,49300.0,7568553.0,49300.0
2019-09-24,49650.0,48850.0,49050.0,49500.0,7871955.0,49500.0
2019-09-25,49350.0,48800.0,49200.0,48900.0,9187141.0,48900.0
2019-09-26,49250.0,48900.0,49000.0,49200.0,8494756.0,49200.0
2019-09-27,48700.0,48000.0,48000.0,48400.0,8048041.0,48400.0
2019-09-30,49250.0,47900.0,48050.0,49050.0,9497119.0,49050.0
2019-10-01,49100.0,48650.0,48900.0,48850.0,6206035.0,48850.0
2019-10-02,48400.0,47600.0,48350.0,47600.0,8382463.0,47600.0
2019-10-04,48650.0,47350.0,47400.0,48000.0,9331695.0,48000.0
2019-10-07,48700.0,47650.0,48350.0,47750.0,7047273.0,47750.0
2019-10-08,49000.0,47600.0,47900.0,48900.0,14239367.0,48900.0
2019-10-10,49200.0,48000.0,48200.0,48550.0,18639855.0,48550.0
2019-10-11,49450.0,48800.0,49000.0,49150.0,7783275.0,49150.0
2019-10-14,50300.0,49850.0,50000.0,50000.0,11130635.0,50000.0
2019-10-15,50200.0,49900.0,49900.0,50100.0,6058105.0,50100.0
2019-10-16,50900.0,50400.0,50700.0,50700.0,9136282.0,50700.0
2019-10-17,50600.0,50100.0,50500.0,50500.0,6701380.0,50500.0
2019-10-18,50900.0,49650.0,50300.0,49900.0,8483106.0,49900.0
2019-10-21,50400.0,49800.0,49900.0,50300.0,4406531.0,50300.0
2019-10-22,51500.0,50700.0,50800.0,51200.0,10898729.0,51200.0
2019-10-23,51500.0,50800.0,51300.0,51200.0,8663880.0,51200.0
2019-10-24,52500.0,50500.0,52500.0,50700.0,21185785.0,50700.0
2019-10-25,51200.0,50500.0,50800.0,50900.0,7879897.0,50900.0
2019-10-28,51500.0,50700.0,50700.0,51300.0,6431522.0,51300.0
2019-10-29,51700.0,50800.0,51400.0,51100.0,7581629.0,51100.0
2019-10-30,50800.0,50200.0,50700.0,50400.0,8959435.0,50400.0
2019-10-31,51400.0,50300.0,51000.0,50400.0,10304777.0,50400.0
2019-11-01,51200.0,50400.0,50600.0,51200.0,8467846.0,51200.0
2019-11-04,52300.0,51400.0,51700.0,52300.0,13012411.0,52300.0
2019-11-05,52700.0,52100.0,52400.0,52700.0,10581034.0,52700.0
2019-11-06,53500.0,52700.0,52900.0,53300.0,14361133.0,53300.0
2019-11-07,53400.0,52400.0,53400.0,52900.0,9257116.0,52900.0
2019-11-08,53300.0,52000.0,53200.0,52100.0,11603290.0,52100.0
2019-11-11,52200.0,51400.0,52200.0,51600.0,8185952.0,51600.0
2019-11-12,52600.0,51600.0,51800.0,52600.0,6576148.0,52600.0
2019-11-13,52500.0,52000.0,52500.0,52500.0,6225196.0,52500.0
2019-11-15,53700.0,52600.0,52900.0,53700.0,9703360.0,53700.0
2019-11-18,53800.0,53200.0,53600.0,53500.0,7746554.0,53500.0
2019-11-19,53500.0,52700.0,53200.0,53500.0,8907177.0,53500.0
2019-11-20,53400.0,52000.0,53400.0,52000.0,12560070.0,52000.0
2019-11-21,52100.0,50600.0,51600.0,51000.0,14298646.0,51000.0
2019-11-22,51600.0,50900.0,51000.0,51600.0,8478310.0,51600.0
2019-11-25,52600.0,51700.0,52200.0,51800.0,9050625.0,51800.0
2019-11-26,52900.0,51800.0,51900.0,51800.0,27372226.0,51800.0
2019-11-27,52300.0,51600.0,51800.0,52200.0,7546261.0,52200.0
2019-11-28,52100.0,51300.0,51900.0,51300.0,6833885.0,51300.0
2019-11-29,51400.0,50200.0,51200.0,50300.0,11179334.0,50300.0
2019-12-02,51300.0,50400.0,50900.0,50400.0,18877252.0,50400.0
2019-12-03,50300.0,49500.0,49800.0,49900.0,12059812.0,49900.0
2019-12-04,49850.0,49000.0,49600.0,49450.0,13246549.0,49450.0
2019-12-05,50400.0,49500.0,50200.0,49500.0,10449715.0,49500.0
2019-12-06,50900.0,49950.0,50100.0,50400.0,11414563.0,50400.0
2019-12-09,51400.0,50700.0,50900.0,51200.0,8470627.0,51200.0
2019-12-10,51600.0,50700.0,51000.0,51500.0,6882771.0,51500.0
2019-12-11,52200.0,51400.0,51500.0,51900.0,11379521.0,51900.0
2019-12-12,53300.0,52700.0,53000.0,53300.0,29178697.0,53300.0
2019-12-13,54800.0,53900.0,54500.0,54700.0,18120261.0,54700.0
2019-12-16,54900.0,54300.0,54500.0,54700.0,11512405.0,54700.0
2019-12-17,56700.0,55400.0,55800.0,56700.0,19358433.0,56700.0
2019-12-18,57200.0,56000.0,56700.0,56300.0,15558208.0,56300.0
2019-12-19,57300.0,55500.0,57000.0,56000.0,14180520.0,56000.0
2019-12-20,56500.0,55600.0,56100.0,56000.0,12095519.0,56000.0
2019-12-23,56400.0,55100.0,56100.0,55500.0,9839252.0,55500.0
2019-12-24,55700.0,54800.0,55600.0,55000.0,11868463.0,55000.0
2019-12-26,55400.0,54400.0,54700.0,55400.0,9645034.0,55400.0
2019-12-27,56900.0,55500.0,55700.0,56500.0,12313056.0,56500.0
2019-12-30,56600.0,55700.0,56200.0,55800.0,8356767.0,55800.0
2020-01-02,56000.0,55000.0,55500.0,55200.0,12993228.0,55200.0
2020-01-03,56600.0,54900.0,56000.0,55500.0,15422255.0,55500.0
2020-01-06,55600.0,54600.0,54900.0,55500.0,10278951.0,55500.0
2020-01-07,56400.0,55600.0,55700.0,55800.0,10009778.0,55800.0
2020-01-08,57400.0,55900.0,56200.0,56800.0,23501171.0,56800.0
2020-01-09,58600.0,57400.0,58400.0,58600.0,24102579.0,58600.0
2020-01-10,59700.0,58300.0,58800.0,59500.0,16000170.0,59500.0
2020-01-13,60000.0,59100.0,59600.0,60000.0,11359139.0,60000.0
2020-01-14,61000.0,59900.0,60400.0,60000.0,16906295.0,60000.0
2020-01-15,59600.0,58900.0,59500.0,59000.0,14300928.0,59000.0
2020-01-16,60700.0,59000.0,59100.0,60700.0,14381774.0,60700.0
2020-01-17,62000.0,61000.0,61900.0,61300.0,16025661.0,61300.0
2020-01-20,62800.0,61700.0,62000.0,62400.0,12528855.0,62400.0
2020-01-21,62400.0,61200.0,62000.0,61400.0,11142693.0,61400.0
2020-01-22,62600.0,60400.0,60500.0,62300.0,15339565.0,62300.0
2020-01-23,61800.0,60700.0,61800.0,60800.0,14916555.0,60800.0
2020-01-28,59400.0,58300.0,59400.0,58800.0,23664541.0,58800.0
2020-01-29,59700.0,58800.0,59100.0,59100.0,16446102.0,59100.0
2020-01-30,58800.0,56800.0,58800.0,57200.0,20821939.0,57200.0
2020-01-31,58400.0,56400.0,57800.0,56400.0,19749457.0,56400.0
2020-02-03,57400.0,55200.0,55500.0,57200.0,23995260.0,57200.0
2020-02-04,59000.0,56800.0,57100.0,58900.0,21800192.0,58900.0
2020-02-05,60200.0,58900.0,60000.0,59500.0,19278165.0,59500.0
2020-02-06,61100.0,59700.0,60100.0,61100.0,14727159.0,61100.0
2020-02-07,61200.0,59700.0,61100.0,60400.0,16402493.0,60400.0
2020-02-10,59800.0,59100.0,59200.0,59700.0,13107121.0,59700.0
2020-02-11,60700.0,59700.0,59800.0,59900.0,11071231.0,59900.0
2020-02-12,60700.0,59700.0,60300.0,60500.0,12904207.0,60500.0
2020-02-13,61600.0,60500.0,61200.0,60700.0,18449775.0,60700.0
2020-02-14,61900.0,60200.0,60900.0,61800.0,13276067.0,61800.0
2020-02-17,62000.0,61200.0,61600.0,61500.0,8740596.0,61500.0
2020-02-18,60900.0,59700.0,60800.0,59800.0,16674266.0,59800.0
2020-02-19,60400.0,59400.0,59800.0,60200.0,12951496.0,60200.0
2020-02-20,61300.0,59600.0,60700.0,60000.0,14591924.0,60000.0
2020-02-21,59800.0,58500.0,58800.0,59200.0,13777393.0,59200.0
2020-02-24,58100.0,56800.0,57400.0,56800.0,25627537.0,56800.0
2020-02-25,58000.0,56200.0,56200.0,57900.0,23885408.0,57900.0
2020-02-26,57000.0,56000.0,56000.0,56500.0,25483102.0,56500.0
2020-02-27,56900.0,55500.0,56300.0,55900.0,23209541.0,55900.0
2020-02-28,55500.0,54200.0,55000.0,54200.0,30054227.0,54200.0
2020-03-02,55500.0,53600.0,54300.0,55000.0,30403412.0,55000.0
2020-03-03,56900.0,55100.0,56700.0,55400.0,30330295.0,55400.0
2020-03-04,57600.0,54600.0,54800.0,57400.0,24765728.0,57400.0
2020-03-05,58000.0,56700.0,57600.0,57800.0,21698990.0,57800.0
2020-03-06,57200.0,56200.0,56500.0,56500.0,18716656.0,56500.0
2020-03-09,56500.0,56500.0,56500.0,56500.0,0.0,56500.0
2020-03-10,54900.0,53700.0,53800.0,54600.0,32106554.0,54600.0
2020-03-11,54400.0,52000.0,54300.0,52100.0,45707281.0,52100.0
2020-03-12,52100.0,52100.0,52100.0,52100.0,0.0,52100.0
2020-03-13,51600.0,46850.0,47450.0,49950.0,59462933.0,49950.0
2020-03-16,50900.0,48800.0,50100.0,48900.0,33339821.0,48900.0
2020-03-17,49650.0,46700.0,46900.0,47300.0,51218151.0,47300.0
2020-03-18,48350.0,45600.0,47750.0,45600.0,40152623.0,45600.0
2020-03-19,46650.0,42300.0,46400.0,42950.0,56925513.0,42950.0
2020-03-20,45500.0,43550.0,44150.0,45400.0,49730008.0,45400.0
2020-03-23,43550.0,42400.0,42600.0,42500.0,41701626.0,42500.0
2020-03-24,46950.0,43050.0,43850.0,46950.0,49801908.0,46950.0
2020-03-25,49600.0,47150.0,48950.0,48650.0,52735922.0,48650.0
2020-03-26,49300.0,47700.0,49000.0,47800.0,42185129.0,47800.0
2020-03-27,49700.0,46850.0,49600.0,48300.0,39896178.0,48300.0
2020-03-30,48350.0,46550.0,47050.0,47850.0,26797395.0,47850.0
2020-03-31,48500.0,47150.0,48000.0,47750.0,30654261.0,47750.0
2020-04-01,47900.0,45800.0,47450.0,45800.0,27259532.0,45800.0
2020-04-02,46850.0,45350.0,46200.0,46800.0,21621076.0,46800.0
2020-04-03,47600.0,46550.0,47400.0,47000.0,22784682.0,47000.0
2020-04-06,48800.0,47250.0,47500.0,48700.0,23395726.0,48700.0
2020-04-07,50200.0,49000.0,49650.0,49600.0,31524034.0,49600.0
2020-04-08,49750.0,48600.0,49600.0,48600.0,25010314.0,48600.0
2020-04-09,49800.0,48700.0,49750.0,49100.0,22628058.0,49100.0
2020-04-10,49250.0,48650.0,48950.0,49250.0,17839111.0,49250.0
2020-04-13,48900.0,48300.0,48650.0,48300.0,14431800.0,48300.0
2020-04-14,49200.0,48300.0,48800.0,49000.0,14206216.0,49000.0
2020-04-16,49350.0,48550.0,49350.0,49000.0,23349760.0,49000.0
2020-04-17,52000.0,50300.0,50800.0,51400.0,32041675.0,51400.0
2020-04-20,51400.0,50000.0,51400.0,50100.0,21866354.0,50100.0
2020-04-21,49700.0,48700.0,49400.0,49250.0,27407543.0,49250.0
2020-04-22,50000.0,48350.0,48700.0,49850.0,18613864.0,49850.0
2020-04-23,50300.0,49500.0,50200.0,49850.0,18754442.0,49850.0
2020-04-24,49750.0,49000.0,49650.0,49350.0,15618347.0,49350.0
2020-04-27,50000.0,49100.0,49350.0,49850.0,14049471.0,49850.0
2020-04-28,50100.0,49300.0,49850.0,50100.0,16095399.0,50100.0
2020-04-29,50500.0,49600.0,49900.0,50000.0,15604533.0,50000.0
2020-05-04,49100.0,48500.0,48900.0,48500.0,26083749.0,48500.0
2020-05-06,49200.0,48500.0,49000.0,49200.0,18070225.0,49200.0
2020-05-07,49300.0,48700.0,49200.0,48800.0,13884411.0,48800.0
2020-05-08,49350.0,48800.0,49100.0,48800.0,15319700.0,48800.0
2020-05-11,49250.0,48300.0,48900.0,48400.0,16357743.0,48400.0
2020-05-12,48500.0,47550.0,48400.0,47900.0,23433590.0,47900.0
2020-05-13,48550.0,47200.0,47250.0,48550.0,20223277.0,48550.0
2020-05-14,48100.0,47650.0,47750.0,48000.0,19305974.0,48000.0
2020-05-15,48450.0,47700.0,48400.0,47850.0,18463118.0,47850.0
2020-05-18,49100.0,47600.0,47950.0,48800.0,20481981.0,48800.0
2020-05-19,50500.0,49700.0,50100.0,50300.0,25168295.0,50300.0
2020-05-20,50200.0,49800.0,50000.0,50000.0,14896899.0,50000.0
2020-05-21,50400.0,49850.0,50300.0,49950.0,14949266.0,49950.0
2020-05-22,49800.0,48600.0,49600.0,48750.0,19706284.0,48750.0
2020-05-25,48900.0,48450.0,48750.0,48850.0,14337913.0,48850.0
2020-05-26,49450.0,48600.0,48700.0,49250.0,15127490.0,49250.0
2020-05-27,50000.0,48800.0,48950.0,49900.0,19548479.0,49900.0
2020-05-28,51200.0,49900.0,51100.0,50400.0,31309318.0,50400.0
2020-05-29,50700.0,49700.0,50000.0,50700.0,27596961.0,50700.0
2020-06-01,51200.0,50600.0,50800.0,51200.0,16949183.0,51200.0
2020-06-02,51500.0,50800.0,51000.0,51400.0,14247933.0,51400.0
2020-06-03,55000.0,51700.0,51800.0,54500.0,49257814.0,54500.0
2020-06-04,57000.0,54600.0,55800.0,54600.0,40220334.0,54600.0
2020-06-05,55900.0,54000.0,54400.0,55500.0,22743629.0,55500.0
2020-06-08,56500.0,54700.0,56400.0,54900.0,25634965.0,54900.0
2020-06-09,56500.0,54400.0,55800.0,55500.0,23998831.0,55500.0
2020-06-10,55900.0,54900.0,55100.0,55400.0,16742493.0,55400.0
2020-06-11,55100.0,53200.0,54500.0,54300.0,33815123.0,54300.0
2020-06-12,52800.0,51500.0,52100.0,52300.0,26976019.0,52300.0
2020-06-15,52000.0,49900.0,51400.0,49900.0,28772921.0,49900.0
2020-06-16,52100.0,50600.0,51200.0,52100.0,21808375.0,52100.0
2020-06-17,52900.0,51300.0,52100.0,52200.0,26672595.0,52200.0
2020-06-18,52300.0,51600.0,52200.0,52300.0,15982926.0,52300.0
2020-06-19,52900.0,51600.0,52600.0,52900.0,18157985.0,52900.0
2020-06-22,52600.0,51800.0,52000.0,52000.0,13801350.0,52000.0
2020-06-23,52800.0,51100.0,52500.0,51400.0,18086152.0,51400.0
2020-06-24,53900.0,51600.0,51900.0,52900.0,24519552.0,52900.0
2020-06-25,53000.0,51900.0,52100.0,51900.0,18541624.0,51900.0
2020-06-26,53900.0,52200.0,52800.0,53300.0,21575360.0,53300.0
2020-06-29,53200.0,52000.0,52500.0,52400.0,17776925.0,52400.0
2020-06-30,53900.0,52800.0,53900.0,52800.0,21157172.0,52800.0
2020-07-01,53600.0,52400.0,53400.0,52600.0,16706143.0,52600.0
2020-07-02,52900.0,52100.0,52100.0,52900.0,14142583.0,52900.0
2020-07-03,53600.0,52700.0,53000.0,53600.0,11887868.0,53600.0
2020-07-06,55000.0,53800.0,54000.0,55000.0,19856623.0,55000.0
2020-07-07,55900.0,53400.0,55800.0,53400.0,30760032.0,53400.0
2020-07-08,53900.0,52900.0,53600.0,53000.0,19664652.0,53000.0
2020-07-09,53600.0,52800.0,53200.0,52800.0,17054850.0,52800.0
2020-07-10,53200.0,52300.0,53100.0,52700.0,13714746.0,52700.0
2020-07-13,53800.0,53100.0,53300.0,53400.0,12240188.0,53400.0
2020-07-14,53800.0,53200.0,53700.0,53800.0,14269484.0,53800.0
2020-07-15,55000.0,54300.0,54400.0,54700.0,24051450.0,54700.0
2020-07-16,54800.0,53800.0,54800.0,53800.0,16779127.0,53800.0
2020-07-17,54700.0,54100.0,54200.0,54400.0,10096174.0,54400.0
2020-07-20,54800.0,54000.0,54800.0,54200.0,10507530.0,54200.0
2020-07-21,55400.0,54800.0,55200.0,55300.0,18297260.0,55300.0
2020-07-22,55500.0,54700.0,55300.0,54700.0,12885057.0,54700.0
2020-07-23,54700.0,53800.0,54700.0,54100.0,16214932.0,54100.0
2020-07-24,54400.0,53700.0,54000.0,54200.0,10994535.0,54200.0
2020-07-27,55700.0,54300.0,54300.0,55600.0,21054421.0,55600.0
2020-07-28,58800.0,56400.0,57000.0,58600.0,48431566.0,58600.0
2020-07-29,60400.0,58600.0,60300.0,59000.0,36476611.0,59000.0
2020-07-30,60100.0,59000.0,59700.0,59000.0,19285354.0,59000.0
2020-07-31,59600.0,57700.0,59500.0,57900.0,21943345.0,57900.0
2020-08-03,57900.0,56700.0,57800.0,56800.0,21158940.0,56800.0
2020-08-04,58100.0,57000.0,57200.0,57300.0,19419694.0,57300.0
2020-08-05,57500.0,56300.0,57300.0,56900.0,17739706.0,56900.0
2020-08-06,58400.0,57100.0,57100.0,58000.0,21625874.0,58000.0
2020-08-07,58400.0,57100.0,57900.0,57500.0,18751717.0,57500.0
2020-08-10,58300.0,57500.0,57600.0,57800.0,17774291.0,57800.0
2020-08-11,59500.0,57800.0,58000.0,58200.0,24907912.0,58200.0
2020-08-12,59000.0,57700.0,58200.0,59000.0,18573934.0,59000.0
2020-08-13,59600.0,58000.0,59400.0,58700.0,22089460.0,58700.0
2020-08-14,58400.0,57700.0,58000.0,58000.0,15672548.0,58000.0
2020-08-18,59900.0,58000.0,58900.0,58400.0,25307825.0,58400.0
2020-08-19,59200.0,57800.0,59000.0,57800.0,16930719.0,57800.0
2020-08-20,57600.0,55300.0,57600.0,55400.0,30386029.0,55400.0
2020-08-21,56900.0,55800.0,56200.0,55900.0,21142288.0,55900.0
2020-08-24,56600.0,55400.0,55800.0,56100.0,15055896.0,56100.0
2020-08-25,56800.0,56100.0,56400.0,56400.0,14021705.0,56400.0
2020-08-26,56500.0,55700.0,56400.0,56400.0,17651593.0,56400.0
2020-08-27,56300.0,55600.0,56300.0,55600.0,16196568.0,55600.0
2020-08-28,56300.0,55400.0,56100.0,55400.0,14619888.0,55400.0
2020-08-31,56100.0,54000.0,56000.0,54000.0,32671367.0,54000.0
2020-09-01,54800.0,54100.0,54100.0,54200.0,19363117.0,54200.0
2020-09-02,55100.0,54100.0,54600.0,54400.0,16905723.0,54400.0
2020-09-03,56700.0,55500.0,55600.0,56400.0,28384920.0,56400.0
2020-09-04,55800.0,55100.0,55200.0,55600.0,22139109.0,55600.0
2020-09-07,57300.0,55800.0,56100.0,56500.0,18685880.0,56500.0
2020-09-08,58700.0,57200.0,57400.0,58700.0,31517520.0,58700.0
2020-09-09,59300.0,57800.0,58200.0,58400.0,30597399.0,58400.0
2020-09-10,60000.0,59100.0,59900.0,59200.0,29923293.0,59200.0
2020-09-11,59400.0,58200.0,59300.0,59000.0,16017098.0,59000.0
2020-09-14,60800.0,59900.0,60200.0,60400.0,20648281.0,60400.0
2020-09-15,61000.0,60500.0,60900.0,61000.0,17877075.0,61000.0
2020-09-16,61300.0,60600.0,61100.0,61000.0,17041444.0,61000.0
2020-09-17,60800.0,59300.0,60700.0,59500.0,25108356.0,59500.0
2020-09-18,59900.0,59100.0,59800.0,59300.0,18884571.0,59300.0
2020-09-21,60000.0,59000.0,59100.0,59200.0,15140387.0,59200.0
2020-09-22,59700.0,57800.0,59100.0,58200.0,20830381.0,58200.0
2020-09-23,58800.0,57400.0,58400.0,58600.0,20111398.0,58600.0
2020-09-24,58600.0,57600.0,57700.0,57800.0,17564020.0,57800.0
2020-09-25,58200.0,57700.0,57700.0,57900.0,11444683.0,57900.0
2020-09-28,58800.0,57900.0,58300.0,58200.0,12614080.0,58200.0
2020-09-29,59000.0,58200.0,58300.0,58200.0,15503563.0,58200.0
2020-10-05,59200.0,57500.0,57500.0,58700.0,20228289.0,58700.0
2020-10-06,59900.0,58700.0,59400.0,59000.0,14463826.0,59000.0
2020-10-07,59900.0,58500.0,58700.0,59900.0,14861838.0,59900.0
2020-10-08,60700.0,59500.0,60500.0,59700.0,24589924.0,59700.0
2020-10-12,60400.0,59900.0,60000.0,60400.0,16145837.0,60400.0
2020-10-13,61400.0,60400.0,61000.0,60900.0,19247631.0,60900.0
2020-10-14,61100.0,60500.0,61000.0,60900.0,16086716.0,60900.0
2020-10-15,60800.0,59700.0,60700.0,60000.0,17756232.0,60000.0
2020-10-16,60400.0,59000.0,60000.0,59500.0,16554190.0,59500.0
2020-10-19,60200.0,59500.0,59600.0,60000.0,14474985.0,60000.0
2020-10-20,60900.0,60100.0,60300.0,60900.0,19326115.0,60900.0
2020-10-21,61500.0,60600.0,61200.0,60900.0,15703443.0,60900.0
2020-10-22,60500.0,59800.0,60300.0,60100.0,14294095.0,60100.0
2020-10-23,60400.0,59800.0,60400.0,60200.0,9322232.0,60200.0
2020-10-26,61100.0,60100.0,60400.0,60400.0,13268226.0,60400.0
2020-10-27,60300.0,59500.0,60300.0,59800.0,17260416.0,59800.0
2020-10-28,59400.0,58800.0,59400.0,59000.0,14428882.0,59000.0
2020-10-29,58500.0,57500.0,58200.0,58100.0,22636966.0,58100.0
2020-10-30,58000.0,56600.0,58000.0,56600.0,26907844.0,56600.0
2020-11-02,57500.0,56000.0,56400.0,57400.0,20489076.0,57400.0
2020-11-03,58900.0,57600.0,57900.0,58800.0,14950919.0,58800.0
2020-11-04,59000.0,57800.0,58900.0,58500.0,21718561.0,58500.0
2020-11-05,60300.0,58800.0,59000.0,60300.0,20639475.0,60300.0
2020-11-06,60800.0,59600.0,60700.0,60100.0,16910230.0,60100.0
2020-11-09,60900.0,60100.0,60700.0,60200.0,15892961.0,60200.0
2020-11-10,60500.0,59500.0,60500.0,60200.0,19073552.0,60200.0
2020-11-11,61400.0,60400.0,60700.0,61300.0,25628510.0,61300.0
2020-11-12,61400.0,60700.0,61000.0,61000.0,19800573.0,61000.0
2020-11-13,63200.0,61000.0,61300.0,63200.0,31508829.0,63200.0
2020-11-16,66700.0,63900.0,64000.0,66300.0,36354334.0,66300.0
2020-11-17,67000.0,65600.0,67000.0,65700.0,30204089.0,65700.0
2020-11-18,66200.0,64700.0,65700.0,64800.0,22963790.0,64800.0
2020-11-19,64800.0,63900.0,64100.0,64600.0,16590290.0,64600.0
2020-11-20,65200.0,63900.0,63900.0,64700.0,15068682.0,64700.0
2020-11-23,67800.0,64700.0,64800.0,67500.0,27134398.0,67500.0
2020-11-24,69500.0,67000.0,67900.0,67700.0,32158235.0,67700.0
2020-11-25,68300.0,66500.0,67900.0,66600.0,32447065.0,66600.0
2020-11-26,68000.0,66000.0,66100.0,68000.0,19023323.0,68000.0
2020-11-27,68400.0,67600.0,68000.0,68200.0,14063434.0,68200.0
